"sep=,"
Barcode script Made by Thomas P. van Gurp see www.deenabio.com\gbs-adapters

,,Nucleotide,1,2,3,4,5,6,7,8,9,10,11,12,13
,,%A,0.25,0.25,0.25,0.25,0.25,0.25,0.25,0.25,0.28,0.18,0.19,0.08,0.17,
,,%C,0.25,0.25,0.25,0.25,0.25,0.25,0.25,0.25,0.37,0.41,0.25,0.42,0.50,
,,%T,0.25,0.25,0.25,0.25,0.25,0.25,0.25,0.25,0.28,0.18,0.19,0.08,0.17,
,,%G,0.25,0.25,0.25,0.25,0.25,0.25,0.25,0.25,0.07,0.23,0.36,0.42,0.17,
,,%GC,0.50,0.50,0.50,0.50,0.50,0.50,0.50,0.50,0.44,0.64,0.61,0.83,0.67,
,,* for the calculation of these barcode statistics the enzyme recognition site is incorporated.

Number,barcode,plus_strand_primer 5'--> 3',negative_strand_primer 5'--> 3'
Common,-,CWGAGATCGGAAGAGCGGTTCAGCAGGAATGCCGAG,CTCGGCATTCCTGCTGAACCGCTCTTCCGATCT
PCR-primer A,-,AATGATACGGCGACCACCGAGATCTACACTCTTTCCCTACACGACGCTCTTCCGATCT
PCR-primer B,-,CAAGCAGAAGACGGCATACGAGATCGGTCTCGGCATTCCTGCTGAACCGCTCTTCCGATCT

1,AACT,ACACTCTTTCCCTACACGACGCTCTTCCGATCTAACT,CWGAGTTAGATCGGAAGAGCGTCGTGTAGGGAAAGAGTGT
2,CCTA,ACACTCTTTCCCTACACGACGCTCTTCCGATCTCCTA,CWGTAGGAGATCGGAAGAGCGTCGTGTAGGGAAAGAGTGT
3,TTAC,ACACTCTTTCCCTACACGACGCTCTTCCGATCTTTAC,CWGGTAAAGATCGGAAGAGCGTCGTGTAGGGAAAGAGTGT
4,AGGC,ACACTCTTTCCCTACACGACGCTCTTCCGATCTAGGC,CWGGCCTAGATCGGAAGAGCGTCGTGTAGGGAAAGAGTGT
5,GCAT,ACACTCTTTCCCTACACGACGCTCTTCCGATCTGCAT,CWGATGCAGATCGGAAGAGCGTCGTGTAGGGAAAGAGTGT
6,TAGA,ACACTCTTTCCCTACACGACGCTCTTCCGATCTTAGA,CWGTCTAAGATCGGAAGAGCGTCGTGTAGGGAAAGAGTGT
7,GTCA,ACACTCTTTCCCTACACGACGCTCTTCCGATCTGTCA,CWGTGACAGATCGGAAGAGCGTCGTGTAGGGAAAGAGTGT
8,GATC,ACACTCTTTCCCTACACGACGCTCTTCCGATCTGATC,CWGGATCAGATCGGAAGAGCGTCGTGTAGGGAAAGAGTGT
9,CTGT,ACACTCTTTCCCTACACGACGCTCTTCCGATCTCTGT,CWGACAGAGATCGGAAGAGCGTCGTGTAGGGAAAGAGTGT
10,AGAGA,ACACTCTTTCCCTACACGACGCTCTTCCGATCTAGAGA,CWGTCTCTAGATCGGAAGAGCGTCGTGTAGGGAAAGAGTGT
11,CGCGT,ACACTCTTTCCCTACACGACGCTCTTCCGATCTCGCGT,CWGACGCGAGATCGGAAGAGCGTCGTGTAGGGAAAGAGTGT
12,TCTGA,ACACTCTTTCCCTACACGACGCTCTTCCGATCTTCTGA,CWGTCAGAAGATCGGAAGAGCGTCGTGTAGGGAAAGAGTGT
13,AACAT,ACACTCTTTCCCTACACGACGCTCTTCCGATCTAACAT,CWGATGTTAGATCGGAAGAGCGTCGTGTAGGGAAAGAGTGT
14,CCACA,ACACTCTTTCCCTACACGACGCTCTTCCGATCTCCACA,CWGTGTGGAGATCGGAAGAGCGTCGTGTAGGGAAAGAGTGT
15,TTGTT,ACACTCTTTCCCTACACGACGCTCTTCCGATCTTTGTT,CWGAACAAAGATCGGAAGAGCGTCGTGTAGGGAAAGAGTGT
16,GATGT,ACACTCTTTCCCTACACGACGCTCTTCCGATCTGATGT,CWGACATCAGATCGGAAGAGCGTCGTGTAGGGAAAGAGTGT
17,CGTAA,ACACTCTTTCCCTACACGACGCTCTTCCGATCTCGTAA,CWGTTACGAGATCGGAAGAGCGTCGTGTAGGGAAAGAGTGT
18,ACATT,ACACTCTTTCCCTACACGACGCTCTTCCGATCTACATT,CWGAATGTAGATCGGAAGAGCGTCGTGTAGGGAAAGAGTGT
19,TTCCA,ACACTCTTTCCCTACACGACGCTCTTCCGATCTTTCCA,CWGTGGAAAGATCGGAAGAGCGTCGTGTAGGGAAAGAGTGT
20,GTGGA,ACACTCTTTCCCTACACGACGCTCTTCCGATCTGTGGA,CWGTCCACAGATCGGAAGAGCGTCGTGTAGGGAAAGAGTGT
21,AGTCT,ACACTCTTTCCCTACACGACGCTCTTCCGATCTAGTCT,CWGAGACTAGATCGGAAGAGCGTCGTGTAGGGAAAGAGTGT
22,CACTA,ACACTCTTTCCCTACACGACGCTCTTCCGATCTCACTA,CWGTAGTGAGATCGGAAGAGCGTCGTGTAGGGAAAGAGTGT
23,TGAAT,ACACTCTTTCCCTACACGACGCTCTTCCGATCTTGAAT,CWGATTCAAGATCGGAAGAGCGTCGTGTAGGGAAAGAGTGT
24,GCGAT,ACACTCTTTCCCTACACGACGCTCTTCCGATCTGCGAT,CWGATCGCAGATCGGAAGAGCGTCGTGTAGGGAAAGAGTGT
25,AAGCA,ACACTCTTTCCCTACACGACGCTCTTCCGATCTAAGCA,CWGTGCTTAGATCGGAAGAGCGTCGTGTAGGGAAAGAGTGT
26,CTAGC,ACACTCTTTCCCTACACGACGCTCTTCCGATCTCTAGC,CWGGCTAGAGATCGGAAGAGCGTCGTGTAGGGAAAGAGTGT
27,TCCTC,ACACTCTTTCCCTACACGACGCTCTTCCGATCTTCCTC,CWGGAGGAAGATCGGAAGAGCGTCGTGTAGGGAAAGAGTGT
28,GTACT,ACACTCTTTCCCTACACGACGCTCTTCCGATCTGTACT,CWGAGTACAGATCGGAAGAGCGTCGTGTAGGGAAAGAGTGT
29,GGTTC,ACACTCTTTCCCTACACGACGCTCTTCCGATCTGGTTC,CWGGAACCAGATCGGAAGAGCGTCGTGTAGGGAAAGAGTGT
30,ACGGC,ACACTCTTTCCCTACACGACGCTCTTCCGATCTACGGC,CWGGCCGTAGATCGGAAGAGCGTCGTGTAGGGAAAGAGTGT
31,TATAC,ACACTCTTTCCCTACACGACGCTCTTCCGATCTTATAC,CWGGTATAAGATCGGAAGAGCGTCGTGTAGGGAAAGAGTGT
32,CGGCC,ACACTCTTTCCCTACACGACGCTCTTCCGATCTCGGCC,CWGGGCCGAGATCGGAAGAGCGTCGTGTAGGGAAAGAGTGT
33,AACGGT,ACACTCTTTCCCTACACGACGCTCTTCCGATCTAACGGT,CWGACCGTTAGATCGGAAGAGCGTCGTGTAGGGAAAGAGTGT
34,CCATGA,ACACTCTTTCCCTACACGACGCTCTTCCGATCTCCATGA,CWGTCATGGAGATCGGAAGAGCGTCGTGTAGGGAAAGAGTGT
35,TTCAGA,ACACTCTTTCCCTACACGACGCTCTTCCGATCTTTCAGA,CWGTCTGAAAGATCGGAAGAGCGTCGTGTAGGGAAAGAGTGT
36,CGAGGT,ACACTCTTTCCCTACACGACGCTCTTCCGATCTCGAGGT,CWGACCTCGAGATCGGAAGAGCGTCGTGTAGGGAAAGAGTGT
37,GCTAGT,ACACTCTTTCCCTACACGACGCTCTTCCGATCTGCTAGT,CWGACTAGCAGATCGGAAGAGCGTCGTGTAGGGAAAGAGTGT
38,AATCGA,ACACTCTTTCCCTACACGACGCTCTTCCGATCTAATCGA,CWGTCGATTAGATCGGAAGAGCGTCGTGTAGGGAAAGAGTGT
39,GGCTGA,ACACTCTTTCCCTACACGACGCTCTTCCGATCTGGCTGA,CWGTCAGCCAGATCGGAAGAGCGTCGTGTAGGGAAAGAGTGT
40,ATGCGT,ACACTCTTTCCCTACACGACGCTCTTCCGATCTATGCGT,CWGACGCATAGATCGGAAGAGCGTCGTGTAGGGAAAGAGTGT
41,TACGAA,ACACTCTTTCCCTACACGACGCTCTTCCGATCTTACGAA,CWGTTCGTAAGATCGGAAGAGCGTCGTGTAGGGAAAGAGTGT
42,CATTGT,ACACTCTTTCCCTACACGACGCTCTTCCGATCTCATTGT,CWGACAATGAGATCGGAAGAGCGTCGTGTAGGGAAAGAGTGT
43,TCAGAT,ACACTCTTTCCCTACACGACGCTCTTCCGATCTTCAGAT,CWGATCTGAAGATCGGAAGAGCGTCGTGTAGGGAAAGAGTGT
44,CTGATA,ACACTCTTTCCCTACACGACGCTCTTCCGATCTCTGATA,CWGTATCAGAGATCGGAAGAGCGTCGTGTAGGGAAAGAGTGT
45,TGACGA,ACACTCTTTCCCTACACGACGCTCTTCCGATCTTGACGA,CWGTCGTCAAGATCGGAAGAGCGTCGTGTAGGGAAAGAGTGT
46,GCGTAT,ACACTCTTTCCCTACACGACGCTCTTCCGATCTGCGTAT,CWGATACGCAGATCGGAAGAGCGTCGTGTAGGGAAAGAGTGT
47,ATCGTA,ACACTCTTTCCCTACACGACGCTCTTCCGATCTATCGTA,CWGTACGATAGATCGGAAGAGCGTCGTGTAGGGAAAGAGTGT
48,CGTATT,ACACTCTTTCCCTACACGACGCTCTTCCGATCTCGTATT,CWGAATACGAGATCGGAAGAGCGTCGTGTAGGGAAAGAGTGT
49,GAACGT,ACACTCTTTCCCTACACGACGCTCTTCCGATCTGAACGT,CWGACGTTCAGATCGGAAGAGCGTCGTGTAGGGAAAGAGTGT
50,ACTGAA,ACACTCTTTCCCTACACGACGCTCTTCCGATCTACTGAA,CWGTTCAGTAGATCGGAAGAGCGTCGTGTAGGGAAAGAGTGT
51,TGCAAT,ACACTCTTTCCCTACACGACGCTCTTCCGATCTTGCAAT,CWGATTGCAAGATCGGAAGAGCGTCGTGTAGGGAAAGAGTGT
52,ACGTTA,ACACTCTTTCCCTACACGACGCTCTTCCGATCTACGTTA,CWGTAACGTAGATCGGAAGAGCGTCGTGTAGGGAAAGAGTGT
53,CTTGGA,ACACTCTTTCCCTACACGACGCTCTTCCGATCTCTTGGA,CWGTCCAAGAGATCGGAAGAGCGTCGTGTAGGGAAAGAGTGT
54,GTCCAT,ACACTCTTTCCCTACACGACGCTCTTCCGATCTGTCCAT,CWGATGGACAGATCGGAAGAGCGTCGTGTAGGGAAAGAGTGT
55,TAGCTA,ACACTCTTTCCCTACACGACGCTCTTCCGATCTTAGCTA,CWGTAGCTAAGATCGGAAGAGCGTCGTGTAGGGAAAGAGTGT
56,GCAATA,ACACTCTTTCCCTACACGACGCTCTTCCGATCTGCAATA,CWGTATTGCAGATCGGAAGAGCGTCGTGTAGGGAAAGAGTGT
57,AGCTCT,ACACTCTTTCCCTACACGACGCTCTTCCGATCTAGCTCT,CWGAGAGCTAGATCGGAAGAGCGTCGTGTAGGGAAAGAGTGT
58,CAGAAT,ACACTCTTTCCCTACACGACGCTCTTCCGATCTCAGAAT,CWGATTCTGAGATCGGAAGAGCGTCGTGTAGGGAAAGAGTGT
59,CGTTAA,ACACTCTTTCCCTACACGACGCTCTTCCGATCTCGTTAA,CWGTTAACGAGATCGGAAGAGCGTCGTGTAGGGAAAGAGTGT
60,GTAGCT,ACACTCTTTCCCTACACGACGCTCTTCCGATCTGTAGCT,CWGAGCTACAGATCGGAAGAGCGTCGTGTAGGGAAAGAGTGT
61,TCGATT,ACACTCTTTCCCTACACGACGCTCTTCCGATCTTCGATT,CWGAATCGAAGATCGGAAGAGCGTCGTGTAGGGAAAGAGTGT
62,GTTCTA,ACACTCTTTCCCTACACGACGCTCTTCCGATCTGTTCTA,CWGTAGAACAGATCGGAAGAGCGTCGTGTAGGGAAAGAGTGT
63,AGATGC,ACACTCTTTCCCTACACGACGCTCTTCCGATCTAGATGC,CWGGCATCTAGATCGGAAGAGCGTCGTGTAGGGAAAGAGTGT
64,TATGCT,ACACTCTTTCCCTACACGACGCTCTTCCGATCTTATGCT,CWGAGCATAAGATCGGAAGAGCGTCGTGTAGGGAAAGAGTGT
65,TACCGC,ACACTCTTTCCCTACACGACGCTCTTCCGATCTTACCGC,CWGGCGGTAAGATCGGAAGAGCGTCGTGTAGGGAAAGAGTGT
66,CAAGTA,ACACTCTTTCCCTACACGACGCTCTTCCGATCTCAAGTA,CWGTACTTGAGATCGGAAGAGCGTCGTGTAGGGAAAGAGTGT
67,AGACAT,ACACTCTTTCCCTACACGACGCTCTTCCGATCTAGACAT,CWGATGTCTAGATCGGAAGAGCGTCGTGTAGGGAAAGAGTGT
68,GTGAGC,ACACTCTTTCCCTACACGACGCTCTTCCGATCTGTGAGC,CWGGCTCACAGATCGGAAGAGCGTCGTGTAGGGAAAGAGTGT
69,GCTTCA,ACACTCTTTCCCTACACGACGCTCTTCCGATCTGCTTCA,CWGTGAAGCAGATCGGAAGAGCGTCGTGTAGGGAAAGAGTGT
70,TCGGCA,ACACTCTTTCCCTACACGACGCTCTTCCGATCTTCGGCA,CWGTGCCGAAGATCGGAAGAGCGTCGTGTAGGGAAAGAGTGT
71,GACACT,ACACTCTTTCCCTACACGACGCTCTTCCGATCTGACACT,CWGAGTGTCAGATCGGAAGAGCGTCGTGTAGGGAAAGAGTGT
72,CTACGC,ACACTCTTTCCCTACACGACGCTCTTCCGATCTCTACGC,CWGGCGTAGAGATCGGAAGAGCGTCGTGTAGGGAAAGAGTGT
73,AGTACA,ACACTCTTTCCCTACACGACGCTCTTCCGATCTAGTACA,CWGTGTACTAGATCGGAAGAGCGTCGTGTAGGGAAAGAGTGT
74,CTCGAC,ACACTCTTTCCCTACACGACGCTCTTCCGATCTCTCGAC,CWGGTCGAGAGATCGGAAGAGCGTCGTGTAGGGAAAGAGTGT
75,TGGTAC,ACACTCTTTCCCTACACGACGCTCTTCCGATCTTGGTAC,CWGGTACCAAGATCGGAAGAGCGTCGTGTAGGGAAAGAGTGT
76,TCAAGC,ACACTCTTTCCCTACACGACGCTCTTCCGATCTTCAAGC,CWGGCTTGAAGATCGGAAGAGCGTCGTGTAGGGAAAGAGTGT
77,AGCCTC,ACACTCTTTCCCTACACGACGCTCTTCCGATCTAGCCTC,CWGGAGGCTAGATCGGAAGAGCGTCGTGTAGGGAAAGAGTGT
78,GATGGC,ACACTCTTTCCCTACACGACGCTCTTCCGATCTGATGGC,CWGGCCATCAGATCGGAAGAGCGTCGTGTAGGGAAAGAGTGT
79,CAGTTC,ACACTCTTTCCCTACACGACGCTCTTCCGATCTCAGTTC,CWGGAACTGAGATCGGAAGAGCGTCGTGTAGGGAAAGAGTGT
80,ACAGTC,ACACTCTTTCCCTACACGACGCTCTTCCGATCTACAGTC,CWGGACTGTAGATCGGAAGAGCGTCGTGTAGGGAAAGAGTGT
81,GACTAC,ACACTCTTTCCCTACACGACGCTCTTCCGATCTGACTAC,CWGGTAGTCAGATCGGAAGAGCGTCGTGTAGGGAAAGAGTGT
82,ATGTCC,ACACTCTTTCCCTACACGACGCTCTTCCGATCTATGTCC,CWGGGACATAGATCGGAAGAGCGTCGTGTAGGGAAAGAGTGT
83,GCTCAC,ACACTCTTTCCCTACACGACGCTCTTCCGATCTGCTCAC,CWGGTGAGCAGATCGGAAGAGCGTCGTGTAGGGAAAGAGTGT
84,TGAGCC,ACACTCTTTCCCTACACGACGCTCTTCCGATCTTGAGCC,CWGGGCTCAAGATCGGAAGAGCGTCGTGTAGGGAAAGAGTGT
85,GTATTC,ACACTCTTTCCCTACACGACGCTCTTCCGATCTGTATTC,CWGGAATACAGATCGGAAGAGCGTCGTGTAGGGAAAGAGTGT
86,CTCAGGA,ACACTCTTTCCCTACACGACGCTCTTCCGATCTCTCAGGA,CWGTCCTGAGAGATCGGAAGAGCGTCGTGTAGGGAAAGAGTGT
87,ACCAGGT,ACACTCTTTCCCTACACGACGCTCTTCCGATCTACCAGGT,CWGACCTGGTAGATCGGAAGAGCGTCGTGTAGGGAAAGAGTGT
88,CGTCGGA,ACACTCTTTCCCTACACGACGCTCTTCCGATCTCGTCGGA,CWGTCCGACGAGATCGGAAGAGCGTCGTGTAGGGAAAGAGTGT
89,TAGCAGT,ACACTCTTTCCCTACACGACGCTCTTCCGATCTTAGCAGT,CWGACTGCTAAGATCGGAAGAGCGTCGTGTAGGGAAAGAGTGT
90,AGCTGGA,ACACTCTTTCCCTACACGACGCTCTTCCGATCTAGCTGGA,CWGTCCAGCTAGATCGGAAGAGCGTCGTGTAGGGAAAGAGTGT
91,CCTGAGT,ACACTCTTTCCCTACACGACGCTCTTCCGATCTCCTGAGT,CWGACTCAGGAGATCGGAAGAGCGTCGTGTAGGGAAAGAGTGT
92,TCGATGA,ACACTCTTTCCCTACACGACGCTCTTCCGATCTTCGATGA,CWGTCATCGAAGATCGGAAGAGCGTCGTGTAGGGAAAGAGTGT
93,ATACGGT,ACACTCTTTCCCTACACGACGCTCTTCCGATCTATACGGT,CWGACCGTATAGATCGGAAGAGCGTCGTGTAGGGAAAGAGTGT
94,CACAAGT,ACACTCTTTCCCTACACGACGCTCTTCCGATCTCACAAGT,CWGACTTGTGAGATCGGAAGAGCGTCGTGTAGGGAAAGAGTGT
95,CTTGTGA,ACACTCTTTCCCTACACGACGCTCTTCCGATCTCTTGTGA,CWGTCACAAGAGATCGGAAGAGCGTCGTGTAGGGAAAGAGTGT
96,TGGTCGA,ACACTCTTTCCCTACACGACGCTCTTCCGATCTTGGTCGA,CWGTCGACCAAGATCGGAAGAGCGTCGTGTAGGGAAAGAGTGT
97,GACCGGT,ACACTCTTTCCCTACACGACGCTCTTCCGATCTGACCGGT,CWGACCGGTCAGATCGGAAGAGCGTCGTGTAGGGAAAGAGTGT
98,ACATAGT,ACACTCTTTCCCTACACGACGCTCTTCCGATCTACATAGT,CWGACTATGTAGATCGGAAGAGCGTCGTGTAGGGAAAGAGTGT
99,GCTAGGA,ACACTCTTTCCCTACACGACGCTCTTCCGATCTGCTAGGA,CWGTCCTAGCAGATCGGAAGAGCGTCGTGTAGGGAAAGAGTGT
100,TGCGTGA,ACACTCTTTCCCTACACGACGCTCTTCCGATCTTGCGTGA,CWGTCACGCAAGATCGGAAGAGCGTCGTGTAGGGAAAGAGTGT
101,ATGACGT,ACACTCTTTCCCTACACGACGCTCTTCCGATCTATGACGT,CWGACGTCATAGATCGGAAGAGCGTCGTGTAGGGAAAGAGTGT
102,CAATTGA,ACACTCTTTCCCTACACGACGCTCTTCCGATCTCAATTGA,CWGTCAATTGAGATCGGAAGAGCGTCGTGTAGGGAAAGAGTGT
103,GTTCAGT,ACACTCTTTCCCTACACGACGCTCTTCCGATCTGTTCAGT,CWGACTGAACAGATCGGAAGAGCGTCGTGTAGGGAAAGAGTGT
104,CGGAGGT,ACACTCTTTCCCTACACGACGCTCTTCCGATCTCGGAGGT,CWGACCTCCGAGATCGGAAGAGCGTCGTGTAGGGAAAGAGTGT
105,TAAGCGA,ACACTCTTTCCCTACACGACGCTCTTCCGATCTTAAGCGA,CWGTCGCTTAAGATCGGAAGAGCGTCGTGTAGGGAAAGAGTGT
106,ACTCAGA,ACACTCTTTCCCTACACGACGCTCTTCCGATCTACTCAGA,CWGTCTGAGTAGATCGGAAGAGCGTCGTGTAGGGAAAGAGTGT
107,ATCTTGT,ACACTCTTTCCCTACACGACGCTCTTCCGATCTATCTTGT,CWGACAAGATAGATCGGAAGAGCGTCGTGTAGGGAAAGAGTGT
108,GGCGGTA,ACACTCTTTCCCTACACGACGCTCTTCCGATCTGGCGGTA,CWGTACCGCCAGATCGGAAGAGCGTCGTGTAGGGAAAGAGTGT
109,CAGTCGT,ACACTCTTTCCCTACACGACGCTCTTCCGATCTCAGTCGT,CWGACGACTGAGATCGGAAGAGCGTCGTGTAGGGAAAGAGTGT
110,TCACGGA,ACACTCTTTCCCTACACGACGCTCTTCCGATCTTCACGGA,CWGTCCGTGAAGATCGGAAGAGCGTCGTGTAGGGAAAGAGTGT
111,CTGGAAT,ACACTCTTTCCCTACACGACGCTCTTCCGATCTCTGGAAT,CWGATTCCAGAGATCGGAAGAGCGTCGTGTAGGGAAAGAGTGT
112,TGTCTTA,ACACTCTTTCCCTACACGACGCTCTTCCGATCTTGTCTTA,CWGTAAGACAAGATCGGAAGAGCGTCGTGTAGGGAAAGAGTGT
113,GATACGT,ACACTCTTTCCCTACACGACGCTCTTCCGATCTGATACGT,CWGACGTATCAGATCGGAAGAGCGTCGTGTAGGGAAAGAGTGT
114,ACATGAA,ACACTCTTTCCCTACACGACGCTCTTCCGATCTACATGAA,CWGTTCATGTAGATCGGAAGAGCGTCGTGTAGGGAAAGAGTGT
115,GGCAATT,ACACTCTTTCCCTACACGACGCTCTTCCGATCTGGCAATT,CWGAATTGCCAGATCGGAAGAGCGTCGTGTAGGGAAAGAGTGT
116,TCGGTAT,ACACTCTTTCCCTACACGACGCTCTTCCGATCTTCGGTAT,CWGATACCGAAGATCGGAAGAGCGTCGTGTAGGGAAAGAGTGT
117,ATATCGA,ACACTCTTTCCCTACACGACGCTCTTCCGATCTATATCGA,CWGTCGATATAGATCGGAAGAGCGTCGTGTAGGGAAAGAGTGT
118,CACCGTA,ACACTCTTTCCCTACACGACGCTCTTCCGATCTCACCGTA,CWGTACGGTGAGATCGGAAGAGCGTCGTGTAGGGAAAGAGTGT
119,GCGAAGT,ACACTCTTTCCCTACACGACGCTCTTCCGATCTGCGAAGT,CWGACTTCGCAGATCGGAAGAGCGTCGTGTAGGGAAAGAGTGT
120,CGTGTAT,ACACTCTTTCCCTACACGACGCTCTTCCGATCTCGTGTAT,CWGATACACGAGATCGGAAGAGCGTCGTGTAGGGAAAGAGTGT
121,TTCGATA,ACACTCTTTCCCTACACGACGCTCTTCCGATCTTTCGATA,CWGTATCGAAAGATCGGAAGAGCGTCGTGTAGGGAAAGAGTGT
122,AAGCTGA,ACACTCTTTCCCTACACGACGCTCTTCCGATCTAAGCTGA,CWGTCAGCTTAGATCGGAAGAGCGTCGTGTAGGGAAAGAGTGT
123,TGTACAT,ACACTCTTTCCCTACACGACGCTCTTCCGATCTTGTACAT,CWGATGTACAAGATCGGAAGAGCGTCGTGTAGGGAAAGAGTGT
124,CTATGTA,ACACTCTTTCCCTACACGACGCTCTTCCGATCTCTATGTA,CWGTACATAGAGATCGGAAGAGCGTCGTGTAGGGAAAGAGTGT
125,GCACCGT,ACACTCTTTCCCTACACGACGCTCTTCCGATCTGCACCGT,CWGACGGTGCAGATCGGAAGAGCGTCGTGTAGGGAAAGAGTGT
126,AACGAAT,ACACTCTTTCCCTACACGACGCTCTTCCGATCTAACGAAT,CWGATTCGTTAGATCGGAAGAGCGTCGTGTAGGGAAAGAGTGT
127,CTGATTA,ACACTCTTTCCCTACACGACGCTCTTCCGATCTCTGATTA,CWGTAATCAGAGATCGGAAGAGCGTCGTGTAGGGAAAGAGTGT
128,TCTTGAT,ACACTCTTTCCCTACACGACGCTCTTCCGATCTTCTTGAT,CWGATCAAGAAGATCGGAAGAGCGTCGTGTAGGGAAAGAGTGT
129,GGACTGA,ACACTCTTTCCCTACACGACGCTCTTCCGATCTGGACTGA,CWGTCAGTCCAGATCGGAAGAGCGTCGTGTAGGGAAAGAGTGT
130,AACGCTA,ACACTCTTTCCCTACACGACGCTCTTCCGATCTAACGCTA,CWGTAGCGTTAGATCGGAAGAGCGTCGTGTAGGGAAAGAGTGT
131,CTTAGTT,ACACTCTTTCCCTACACGACGCTCTTCCGATCTCTTAGTT,CWGAACTAAGAGATCGGAAGAGCGTCGTGTAGGGAAAGAGTGT
132,TGCTAAT,ACACTCTTTCCCTACACGACGCTCTTCCGATCTTGCTAAT,CWGATTAGCAAGATCGGAAGAGCGTCGTGTAGGGAAAGAGTGT
133,GTGCCGA,ACACTCTTTCCCTACACGACGCTCTTCCGATCTGTGCCGA,CWGTCGGCACAGATCGGAAGAGCGTCGTGTAGGGAAAGAGTGT
134,ACAGTGA,ACACTCTTTCCCTACACGACGCTCTTCCGATCTACAGTGA,CWGTCACTGTAGATCGGAAGAGCGTCGTGTAGGGAAAGAGTGT
135,CGTTATT,ACACTCTTTCCCTACACGACGCTCTTCCGATCTCGTTATT,CWGAATAACGAGATCGGAAGAGCGTCGTGTAGGGAAAGAGTGT
136,TACAGAA,ACACTCTTTCCCTACACGACGCTCTTCCGATCTTACAGAA,CWGTTCTGTAAGATCGGAAGAGCGTCGTGTAGGGAAAGAGTGT
137,GAGCCAT,ACACTCTTTCCCTACACGACGCTCTTCCGATCTGAGCCAT,CWGATGGCTCAGATCGGAAGAGCGTCGTGTAGGGAAAGAGTGT
138,ACAGGTT,ACACTCTTTCCCTACACGACGCTCTTCCGATCTACAGGTT,CWGAACCTGTAGATCGGAAGAGCGTCGTGTAGGGAAAGAGTGT
139,AGTACGA,ACACTCTTTCCCTACACGACGCTCTTCCGATCTAGTACGA,CWGTCGTACTAGATCGGAAGAGCGTCGTGTAGGGAAAGAGTGT
140,TCGTATA,ACACTCTTTCCCTACACGACGCTCTTCCGATCTTCGTATA,CWGTATACGAAGATCGGAAGAGCGTCGTGTAGGGAAAGAGTGT
141,GTCGTAT,ACACTCTTTCCCTACACGACGCTCTTCCGATCTGTCGTAT,CWGATACGACAGATCGGAAGAGCGTCGTGTAGGGAAAGAGTGT
142,CTAATGT,ACACTCTTTCCCTACACGACGCTCTTCCGATCTCTAATGT,CWGACATTAGAGATCGGAAGAGCGTCGTGTAGGGAAAGAGTGT
143,TGGCGAA,ACACTCTTTCCCTACACGACGCTCTTCCGATCTTGGCGAA,CWGTTCGCCAAGATCGGAAGAGCGTCGTGTAGGGAAAGAGTGT
144,GACTATA,ACACTCTTTCCCTACACGACGCTCTTCCGATCTGACTATA,CWGTATAGTCAGATCGGAAGAGCGTCGTGTAGGGAAAGAGTGT
145,AGAGCGT,ACACTCTTTCCCTACACGACGCTCTTCCGATCTAGAGCGT,CWGACGCTCTAGATCGGAAGAGCGTCGTGTAGGGAAAGAGTGT
146,CATCGAT,ACACTCTTTCCCTACACGACGCTCTTCCGATCTCATCGAT,CWGATCGATGAGATCGGAAGAGCGTCGTGTAGGGAAAGAGTGT
147,GCCTTGA,ACACTCTTTCCCTACACGACGCTCTTCCGATCTGCCTTGA,CWGTCAAGGCAGATCGGAAGAGCGTCGTGTAGGGAAAGAGTGT
148,TCGACTT,ACACTCTTTCCCTACACGACGCTCTTCCGATCTTCGACTT,CWGAAGTCGAAGATCGGAAGAGCGTCGTGTAGGGAAAGAGTGT
149,CTACAGA,ACACTCTTTCCCTACACGACGCTCTTCCGATCTCTACAGA,CWGTCTGTAGAGATCGGAAGAGCGTCGTGTAGGGAAAGAGTGT
150,ATTGCAA,ACACTCTTTCCCTACACGACGCTCTTCCGATCTATTGCAA,CWGTTGCAATAGATCGGAAGAGCGTCGTGTAGGGAAAGAGTGT
151,CAGATAT,ACACTCTTTCCCTACACGACGCTCTTCCGATCTCAGATAT,CWGATATCTGAGATCGGAAGAGCGTCGTGTAGGGAAAGAGTGT
152,AGTCGTT,ACACTCTTTCCCTACACGACGCTCTTCCGATCTAGTCGTT,CWGAACGACTAGATCGGAAGAGCGTCGTGTAGGGAAAGAGTGT
153,GCAGATA,ACACTCTTTCCCTACACGACGCTCTTCCGATCTGCAGATA,CWGTATCTGCAGATCGGAAGAGCGTCGTGTAGGGAAAGAGTGT
154,TACTGCT,ACACTCTTTCCCTACACGACGCTCTTCCGATCTTACTGCT,CWGAGCAGTAAGATCGGAAGAGCGTCGTGTAGGGAAAGAGTGT
155,CGGTTAA,ACACTCTTTCCCTACACGACGCTCTTCCGATCTCGGTTAA,CWGTTAACCGAGATCGGAAGAGCGTCGTGTAGGGAAAGAGTGT
156,GTTAACA,ACACTCTTTCCCTACACGACGCTCTTCCGATCTGTTAACA,CWGTGTTAACAGATCGGAAGAGCGTCGTGTAGGGAAAGAGTGT
157,AGCCAGT,ACACTCTTTCCCTACACGACGCTCTTCCGATCTAGCCAGT,CWGACTGGCTAGATCGGAAGAGCGTCGTGTAGGGAAAGAGTGT
158,TCTGCTA,ACACTCTTTCCCTACACGACGCTCTTCCGATCTTCTGCTA,CWGTAGCAGAAGATCGGAAGAGCGTCGTGTAGGGAAAGAGTGT
159,GAATCTT,ACACTCTTTCCCTACACGACGCTCTTCCGATCTGAATCTT,CWGAAGATTCAGATCGGAAGAGCGTCGTGTAGGGAAAGAGTGT
160,TTGAGCA,ACACTCTTTCCCTACACGACGCTCTTCCGATCTTTGAGCA,CWGTGCTCAAAGATCGGAAGAGCGTCGTGTAGGGAAAGAGTGT
161,ATGCTAT,ACACTCTTTCCCTACACGACGCTCTTCCGATCTATGCTAT,CWGATAGCATAGATCGGAAGAGCGTCGTGTAGGGAAAGAGTGT
162,CCTTCGA,ACACTCTTTCCCTACACGACGCTCTTCCGATCTCCTTCGA,CWGTCGAAGGAGATCGGAAGAGCGTCGTGTAGGGAAAGAGTGT
163,CAAGATT,ACACTCTTTCCCTACACGACGCTCTTCCGATCTCAAGATT,CWGAATCTTGAGATCGGAAGAGCGTCGTGTAGGGAAAGAGTGT
164,GCAAGAT,ACACTCTTTCCCTACACGACGCTCTTCCGATCTGCAAGAT,CWGATCTTGCAGATCGGAAGAGCGTCGTGTAGGGAAAGAGTGT
165,TACATGC,ACACTCTTTCCCTACACGACGCTCTTCCGATCTTACATGC,CWGGCATGTAAGATCGGAAGAGCGTCGTGTAGGGAAAGAGTGT
166,AGTGACA,ACACTCTTTCCCTACACGACGCTCTTCCGATCTAGTGACA,CWGTGTCACTAGATCGGAAGAGCGTCGTGTAGGGAAAGAGTGT
167,TTCCGAT,ACACTCTTTCCCTACACGACGCTCTTCCGATCTTTCCGAT,CWGATCGGAAAGATCGGAAGAGCGTCGTGTAGGGAAAGAGTGT
168,AGGTTGC,ACACTCTTTCCCTACACGACGCTCTTCCGATCTAGGTTGC,CWGGCAACCTAGATCGGAAGAGCGTCGTGTAGGGAAAGAGTGT
169,GAGACTA,ACACTCTTTCCCTACACGACGCTCTTCCGATCTGAGACTA,CWGTAGTCTCAGATCGGAAGAGCGTCGTGTAGGGAAAGAGTGT
170,CCTGGAA,ACACTCTTTCCCTACACGACGCTCTTCCGATCTCCTGGAA,CWGTTCCAGGAGATCGGAAGAGCGTCGTGTAGGGAAAGAGTGT
171,TGACTCT,ACACTCTTTCCCTACACGACGCTCTTCCGATCTTGACTCT,CWGAGAGTCAAGATCGGAAGAGCGTCGTGTAGGGAAAGAGTGT
172,GTATAGC,ACACTCTTTCCCTACACGACGCTCTTCCGATCTGTATAGC,CWGGCTATACAGATCGGAAGAGCGTCGTGTAGGGAAAGAGTGT
173,CGCTCTA,ACACTCTTTCCCTACACGACGCTCTTCCGATCTCGCTCTA,CWGTAGAGCGAGATCGGAAGAGCGTCGTGTAGGGAAAGAGTGT
174,GCTCTAT,ACACTCTTTCCCTACACGACGCTCTTCCGATCTGCTCTAT,CWGATAGAGCAGATCGGAAGAGCGTCGTGTAGGGAAAGAGTGT
175,ATCGAGC,ACACTCTTTCCCTACACGACGCTCTTCCGATCTATCGAGC,CWGGCTCGATAGATCGGAAGAGCGTCGTGTAGGGAAAGAGTGT
176,AAGAGCT,ACACTCTTTCCCTACACGACGCTCTTCCGATCTAAGAGCT,CWGAGCTCTTAGATCGGAAGAGCGTCGTGTAGGGAAAGAGTGT
177,CGAGTTA,ACACTCTTTCCCTACACGACGCTCTTCCGATCTCGAGTTA,CWGTAACTCGAGATCGGAAGAGCGTCGTGTAGGGAAAGAGTGT
178,TATCCGC,ACACTCTTTCCCTACACGACGCTCTTCCGATCTTATCCGC,CWGGCGGATAAGATCGGAAGAGCGTCGTGTAGGGAAAGAGTGT
179,GCGTGCA,ACACTCTTTCCCTACACGACGCTCTTCCGATCTGCGTGCA,CWGTGCACGCAGATCGGAAGAGCGTCGTGTAGGGAAAGAGTGT
180,TTGAAGC,ACACTCTTTCCCTACACGACGCTCTTCCGATCTTTGAAGC,CWGGCTTCAAAGATCGGAAGAGCGTCGTGTAGGGAAAGAGTGT
181,GCCTCAT,ACACTCTTTCCCTACACGACGCTCTTCCGATCTGCCTCAT,CWGATGAGGCAGATCGGAAGAGCGTCGTGTAGGGAAAGAGTGT
182,TAACGTT,ACACTCTTTCCCTACACGACGCTCTTCCGATCTTAACGTT,CWGAACGTTAAGATCGGAAGAGCGTCGTGTAGGGAAAGAGTGT
183,CGTATCA,ACACTCTTTCCCTACACGACGCTCTTCCGATCTCGTATCA,CWGTGATACGAGATCGGAAGAGCGTCGTGTAGGGAAAGAGTGT
184,ATCGCCT,ACACTCTTTCCCTACACGACGCTCTTCCGATCTATCGCCT,CWGAGGCGATAGATCGGAAGAGCGTCGTGTAGGGAAAGAGTGT
185,CGACAAT,ACACTCTTTCCCTACACGACGCTCTTCCGATCTCGACAAT,CWGATTGTCGAGATCGGAAGAGCGTCGTGTAGGGAAAGAGTGT
186,ACGAGTA,ACACTCTTTCCCTACACGACGCTCTTCCGATCTACGAGTA,CWGTACTCGTAGATCGGAAGAGCGTCGTGTAGGGAAAGAGTGT
187,GATGAGC,ACACTCTTTCCCTACACGACGCTCTTCCGATCTGATGAGC,CWGGCTCATCAGATCGGAAGAGCGTCGTGTAGGGAAAGAGTGT
188,GTCCTTA,ACACTCTTTCCCTACACGACGCTCTTCCGATCTGTCCTTA,CWGTAAGGACAGATCGGAAGAGCGTCGTGTAGGGAAAGAGTGT
189,TAATGGC,ACACTCTTTCCCTACACGACGCTCTTCCGATCTTAATGGC,CWGGCCATTAAGATCGGAAGAGCGTCGTGTAGGGAAAGAGTGT
190,AGGTCTT,ACACTCTTTCCCTACACGACGCTCTTCCGATCTAGGTCTT,CWGAAGACCTAGATCGGAAGAGCGTCGTGTAGGGAAAGAGTGT
191,TCCGAAC,ACACTCTTTCCCTACACGACGCTCTTCCGATCTTCCGAAC,CWGGTTCGGAAGATCGGAAGAGCGTCGTGTAGGGAAAGAGTGT
192,GTAACAA,ACACTCTTTCCCTACACGACGCTCTTCCGATCTGTAACAA,CWGTTGTTACAGATCGGAAGAGCGTCGTGTAGGGAAAGAGTGT
193,AATGTCT,ACACTCTTTCCCTACACGACGCTCTTCCGATCTAATGTCT,CWGAGACATTAGATCGGAAGAGCGTCGTGTAGGGAAAGAGTGT
194,CCGTAGC,ACACTCTTTCCCTACACGACGCTCTTCCGATCTCCGTAGC,CWGGCTACGGAGATCGGAAGAGCGTCGTGTAGGGAAAGAGTGT
195,GTTCGAA,ACACTCTTTCCCTACACGACGCTCTTCCGATCTGTTCGAA,CWGTTCGAACAGATCGGAAGAGCGTCGTGTAGGGAAAGAGTGT
196,CGCACCT,ACACTCTTTCCCTACACGACGCTCTTCCGATCTCGCACCT,CWGAGGTGCGAGATCGGAAGAGCGTCGTGTAGGGAAAGAGTGT
197,TTAGTGC,ACACTCTTTCCCTACACGACGCTCTTCCGATCTTTAGTGC,CWGGCACTAAAGATCGGAAGAGCGTCGTGTAGGGAAAGAGTGT
198,AATCGCA,ACACTCTTTCCCTACACGACGCTCTTCCGATCTAATCGCA,CWGTGCGATTAGATCGGAAGAGCGTCGTGTAGGGAAAGAGTGT
199,CGGAATC,ACACTCTTTCCCTACACGACGCTCTTCCGATCTCGGAATC,CWGGATTCCGAGATCGGAAGAGCGTCGTGTAGGGAAAGAGTGT
200,ACGTTCT,ACACTCTTTCCCTACACGACGCTCTTCCGATCTACGTTCT,CWGAGAACGTAGATCGGAAGAGCGTCGTGTAGGGAAAGAGTGT
201,GATTCAA,ACACTCTTTCCCTACACGACGCTCTTCCGATCTGATTCAA,CWGTTGAATCAGATCGGAAGAGCGTCGTGTAGGGAAAGAGTGT
202,TCCAGTC,ACACTCTTTCCCTACACGACGCTCTTCCGATCTTCCAGTC,CWGGACTGGAAGATCGGAAGAGCGTCGTGTAGGGAAAGAGTGT
203,TGACAGC,ACACTCTTTCCCTACACGACGCTCTTCCGATCTTGACAGC,CWGGCTGTCAAGATCGGAAGAGCGTCGTGTAGGGAAAGAGTGT
204,TTAGCTT,ACACTCTTTCCCTACACGACGCTCTTCCGATCTTTAGCTT,CWGAAGCTAAAGATCGGAAGAGCGTCGTGTAGGGAAAGAGTGT
205,GACATCA,ACACTCTTTCCCTACACGACGCTCTTCCGATCTGACATCA,CWGTGATGTCAGATCGGAAGAGCGTCGTGTAGGGAAAGAGTGT
206,CCGCTAC,ACACTCTTTCCCTACACGACGCTCTTCCGATCTCCGCTAC,CWGGTAGCGGAGATCGGAAGAGCGTCGTGTAGGGAAAGAGTGT
207,ATGTACA,ACACTCTTTCCCTACACGACGCTCTTCCGATCTATGTACA,CWGTGTACATAGATCGGAAGAGCGTCGTGTAGGGAAAGAGTGT
208,CATGGTC,ACACTCTTTCCCTACACGACGCTCTTCCGATCTCATGGTC,CWGGACCATGAGATCGGAAGAGCGTCGTGTAGGGAAAGAGTGT
209,GCCGACT,ACACTCTTTCCCTACACGACGCTCTTCCGATCTGCCGACT,CWGAGTCGGCAGATCGGAAGAGCGTCGTGTAGGGAAAGAGTGT
210,ATTATGC,ACACTCTTTCCCTACACGACGCTCTTCCGATCTATTATGC,CWGGCATAATAGATCGGAAGAGCGTCGTGTAGGGAAAGAGTGT
211,CGATGCT,ACACTCTTTCCCTACACGACGCTCTTCCGATCTCGATGCT,CWGAGCATCGAGATCGGAAGAGCGTCGTGTAGGGAAAGAGTGT
212,AGTCCAC,ACACTCTTTCCCTACACGACGCTCTTCCGATCTAGTCCAC,CWGGTGGACTAGATCGGAAGAGCGTCGTGTAGGGAAAGAGTGT
213,TCCGGCA,ACACTCTTTCCCTACACGACGCTCTTCCGATCTTCCGGCA,CWGTGCCGGAAGATCGGAAGAGCGTCGTGTAGGGAAAGAGTGT
214,GACTCGC,ACACTCTTTCCCTACACGACGCTCTTCCGATCTGACTCGC,CWGGCGAGTCAGATCGGAAGAGCGTCGTGTAGGGAAAGAGTGT
215,CCGCACT,ACACTCTTTCCCTACACGACGCTCTTCCGATCTCCGCACT,CWGAGTGCGGAGATCGGAAGAGCGTCGTGTAGGGAAAGAGTGT
216,AGAATAC,ACACTCTTTCCCTACACGACGCTCTTCCGATCTAGAATAC,CWGGTATTCTAGATCGGAAGAGCGTCGTGTAGGGAAAGAGTGT
217,CTGGCCA,ACACTCTTTCCCTACACGACGCTCTTCCGATCTCTGGCCA,CWGTGGCCAGAGATCGGAAGAGCGTCGTGTAGGGAAAGAGTGT
218,TTAAGAC,ACACTCTTTCCCTACACGACGCTCTTCCGATCTTTAAGAC,CWGGTCTTAAAGATCGGAAGAGCGTCGTGTAGGGAAAGAGTGT
219,AGCCTTC,ACACTCTTTCCCTACACGACGCTCTTCCGATCTAGCCTTC,CWGGAAGGCTAGATCGGAAGAGCGTCGTGTAGGGAAAGAGTGT
220,TAGGACA,ACACTCTTTCCCTACACGACGCTCTTCCGATCTTAGGACA,CWGTGTCCTAAGATCGGAAGAGCGTCGTGTAGGGAAAGAGTGT
221,GCTTATC,ACACTCTTTCCCTACACGACGCTCTTCCGATCTGCTTATC,CWGGATAAGCAGATCGGAAGAGCGTCGTGTAGGGAAAGAGTGT
222,GAACACT,ACACTCTTTCCCTACACGACGCTCTTCCGATCTGAACACT,CWGAGTGTTCAGATCGGAAGAGCGTCGTGTAGGGAAAGAGTGT
223,TGTTGCA,ACACTCTTTCCCTACACGACGCTCTTCCGATCTTGTTGCA,CWGTGCAACAAGATCGGAAGAGCGTCGTGTAGGGAAAGAGTGT
224,TCAACGC,ACACTCTTTCCCTACACGACGCTCTTCCGATCTTCAACGC,CWGGCGTTGAAGATCGGAAGAGCGTCGTGTAGGGAAAGAGTGT
225,CAGGTGC,ACACTCTTTCCCTACACGACGCTCTTCCGATCTCAGGTGC,CWGGCACCTGAGATCGGAAGAGCGTCGTGTAGGGAAAGAGTGT
226,GTCTCCA,ACACTCTTTCCCTACACGACGCTCTTCCGATCTGTCTCCA,CWGTGGAGACAGATCGGAAGAGCGTCGTGTAGGGAAAGAGTGT
227,CGACGTC,ACACTCTTTCCCTACACGACGCTCTTCCGATCTCGACGTC,CWGGACGTCGAGATCGGAAGAGCGTCGTGTAGGGAAAGAGTGT
228,GCCATAC,ACACTCTTTCCCTACACGACGCTCTTCCGATCTGCCATAC,CWGGTATGGCAGATCGGAAGAGCGTCGTGTAGGGAAAGAGTGT
229,ACTTGGC,ACACTCTTTCCCTACACGACGCTCTTCCGATCTACTTGGC,CWGGCCAAGTAGATCGGAAGAGCGTCGTGTAGGGAAAGAGTGT
230,TGCAACA,ACACTCTTTCCCTACACGACGCTCTTCCGATCTTGCAACA,CWGTGTTGCAAGATCGGAAGAGCGTCGTGTAGGGAAAGAGTGT
231,CCAGCCT,ACACTCTTTCCCTACACGACGCTCTTCCGATCTCCAGCCT,CWGAGGCTGGAGATCGGAAGAGCGTCGTGTAGGGAAAGAGTGT
232,ATGCCTC,ACACTCTTTCCCTACACGACGCTCTTCCGATCTATGCCTC,CWGGAGGCATAGATCGGAAGAGCGTCGTGTAGGGAAAGAGTGT
233,TATGTAC,ACACTCTTTCCCTACACGACGCTCTTCCGATCTTATGTAC,CWGGTACATAAGATCGGAAGAGCGTCGTGTAGGGAAAGAGTGT
234,AGATTCA,ACACTCTTTCCCTACACGACGCTCTTCCGATCTAGATTCA,CWGTGAATCTAGATCGGAAGAGCGTCGTGTAGGGAAAGAGTGT
235,GTCCAAC,ACACTCTTTCCCTACACGACGCTCTTCCGATCTGTCCAAC,CWGGTTGGACAGATCGGAAGAGCGTCGTGTAGGGAAAGAGTGT
236,GTGAGTC,ACACTCTTTCCCTACACGACGCTCTTCCGATCTGTGAGTC,CWGGACTCACAGATCGGAAGAGCGTCGTGTAGGGAAAGAGTGT
237,CACTGAC,ACACTCTTTCCCTACACGACGCTCTTCCGATCTCACTGAC,CWGGTCAGTGAGATCGGAAGAGCGTCGTGTAGGGAAAGAGTGT
238,AAGATTC,ACACTCTTTCCCTACACGACGCTCTTCCGATCTAAGATTC,CWGGAATCTTAGATCGGAAGAGCGTCGTGTAGGGAAAGAGTGT
239,CTCGCAC,ACACTCTTTCCCTACACGACGCTCTTCCGATCTCTCGCAC,CWGGTGCGAGAGATCGGAAGAGCGTCGTGTAGGGAAAGAGTGT
240,AGATATC,ACACTCTTTCCCTACACGACGCTCTTCCGATCTAGATATC,CWGGATATCTAGATCGGAAGAGCGTCGTGTAGGGAAAGAGTGT
241,GGTTGAC,ACACTCTTTCCCTACACGACGCTCTTCCGATCTGGTTGAC,CWGGTCAACCAGATCGGAAGAGCGTCGTGTAGGGAAAGAGTGT
242,GCACTTC,ACACTCTTTCCCTACACGACGCTCTTCCGATCTGCACTTC,CWGGAAGTGCAGATCGGAAGAGCGTCGTGTAGGGAAAGAGTGT
243,TAGTAAC,ACACTCTTTCCCTACACGACGCTCTTCCGATCTTAGTAAC,CWGGTTACTAAGATCGGAAGAGCGTCGTGTAGGGAAAGAGTGT
244,TGAGCAC,ACACTCTTTCCCTACACGACGCTCTTCCGATCTTGAGCAC,CWGGTGCTCAAGATCGGAAGAGCGTCGTGTAGGGAAAGAGTGT
245,GACGTTC,ACACTCTTTCCCTACACGACGCTCTTCCGATCTGACGTTC,CWGGAACGTCAGATCGGAAGAGCGTCGTGTAGGGAAAGAGTGT
246,CTTGACC,ACACTCTTTCCCTACACGACGCTCTTCCGATCTCTTGACC,CWGGGTCAAGAGATCGGAAGAGCGTCGTGTAGGGAAAGAGTGT
247,ATGTGAC,ACACTCTTTCCCTACACGACGCTCTTCCGATCTATGTGAC,CWGGTCACATAGATCGGAAGAGCGTCGTGTAGGGAAAGAGTGT
248,TATAGCC,ACACTCTTTCCCTACACGACGCTCTTCCGATCTTATAGCC,CWGGGCTATAAGATCGGAAGAGCGTCGTGTAGGGAAAGAGTGT
249,TAGCTCC,ACACTCTTTCCCTACACGACGCTCTTCCGATCTTAGCTCC,CWGGGAGCTAAGATCGGAAGAGCGTCGTGTAGGGAAAGAGTGT
250,ATCAGCC,ACACTCTTTCCCTACACGACGCTCTTCCGATCTATCAGCC,CWGGGCTGATAGATCGGAAGAGCGTCGTGTAGGGAAAGAGTGT
251,CGCTACC,ACACTCTTTCCCTACACGACGCTCTTCCGATCTCGCTACC,CWGGGTAGCGAGATCGGAAGAGCGTCGTGTAGGGAAAGAGTGT
252,ACCGTCC,ACACTCTTTCCCTACACGACGCTCTTCCGATCTACCGTCC,CWGGGACGGTAGATCGGAAGAGCGTCGTGTAGGGAAAGAGTGT
253,GTACGCC,ACACTCTTTCCCTACACGACGCTCTTCCGATCTGTACGCC,CWGGGCGTACAGATCGGAAGAGCGTCGTGTAGGGAAAGAGTGT
254,GGAGTCC,ACACTCTTTCCCTACACGACGCTCTTCCGATCTGGAGTCC,CWGGGACTCCAGATCGGAAGAGCGTCGTGTAGGGAAAGAGTGT
255,CCTCCGGA,ACACTCTTTCCCTACACGACGCTCTTCCGATCTCCTCCGGA,CWGTCCGGAGGAGATCGGAAGAGCGTCGTGTAGGGAAAGAGTGT
256,TCTACGGT,ACACTCTTTCCCTACACGACGCTCTTCCGATCTTCTACGGT,CWGACCGTAGAAGATCGGAAGAGCGTCGTGTAGGGAAAGAGTGT
257,CATAAGGA,ACACTCTTTCCCTACACGACGCTCTTCCGATCTCATAAGGA,CWGTCCTTATGAGATCGGAAGAGCGTCGTGTAGGGAAAGAGTGT
258,ACGCCGGT,ACACTCTTTCCCTACACGACGCTCTTCCGATCTACGCCGGT,CWGACCGGCGTAGATCGGAAGAGCGTCGTGTAGGGAAAGAGTGT
259,CTTCAGGT,ACACTCTTTCCCTACACGACGCTCTTCCGATCTCTTCAGGT,CWGACCTGAAGAGATCGGAAGAGCGTCGTGTAGGGAAAGAGTGT
260,TGGACGGA,ACACTCTTTCCCTACACGACGCTCTTCCGATCTTGGACGGA,CWGTCCGTCCAAGATCGGAAGAGCGTCGTGTAGGGAAAGAGTGT
261,AACAAGGT,ACACTCTTTCCCTACACGACGCTCTTCCGATCTAACAAGGT,CWGACCTTGTTAGATCGGAAGAGCGTCGTGTAGGGAAAGAGTGT
262,CCACTTGA,ACACTCTTTCCCTACACGACGCTCTTCCGATCTCCACTTGA,CWGTCAAGTGGAGATCGGAAGAGCGTCGTGTAGGGAAAGAGTGT
263,GTTGCGGA,ACACTCTTTCCCTACACGACGCTCTTCCGATCTGTTGCGGA,CWGTCCGCAACAGATCGGAAGAGCGTCGTGTAGGGAAAGAGTGT
264,ACGTGTGT,ACACTCTTTCCCTACACGACGCTCTTCCGATCTACGTGTGT,CWGACACACGTAGATCGGAAGAGCGTCGTGTAGGGAAAGAGTGT
265,TGACAGGA,ACACTCTTTCCCTACACGACGCTCTTCCGATCTTGACAGGA,CWGTCCTGTCAAGATCGGAAGAGCGTCGTGTAGGGAAAGAGTGT
266,CACACAGT,ACACTCTTTCCCTACACGACGCTCTTCCGATCTCACACAGT,CWGACTGTGTGAGATCGGAAGAGCGTCGTGTAGGGAAAGAGTGT
267,CTTGGTGA,ACACTCTTTCCCTACACGACGCTCTTCCGATCTCTTGGTGA,CWGTCACCAAGAGATCGGAAGAGCGTCGTGTAGGGAAAGAGTGT
268,TCGTTAGT,ACACTCTTTCCCTACACGACGCTCTTCCGATCTTCGTTAGT,CWGACTAACGAAGATCGGAAGAGCGTCGTGTAGGGAAAGAGTGT
269,GGACTGGT,ACACTCTTTCCCTACACGACGCTCTTCCGATCTGGACTGGT,CWGACCAGTCCAGATCGGAAGAGCGTCGTGTAGGGAAAGAGTGT
270,AACACTGA,ACACTCTTTCCCTACACGACGCTCTTCCGATCTAACACTGA,CWGTCAGTGTTAGATCGGAAGAGCGTCGTGTAGGGAAAGAGTGT
271,CTGGAGGA,ACACTCTTTCCCTACACGACGCTCTTCCGATCTCTGGAGGA,CWGTCCTCCAGAGATCGGAAGAGCGTCGTGTAGGGAAAGAGTGT
272,GCTTGAGT,ACACTCTTTCCCTACACGACGCTCTTCCGATCTGCTTGAGT,CWGACTCAAGCAGATCGGAAGAGCGTCGTGTAGGGAAAGAGTGT
273,TGACGTGT,ACACTCTTTCCCTACACGACGCTCTTCCGATCTTGACGTGT,CWGACACGTCAAGATCGGAAGAGCGTCGTGTAGGGAAAGAGTGT
274,AATTCGGA,ACACTCTTTCCCTACACGACGCTCTTCCGATCTAATTCGGA,CWGTCCGAATTAGATCGGAAGAGCGTCGTGTAGGGAAAGAGTGT
275,TTCAATGA,ACACTCTTTCCCTACACGACGCTCTTCCGATCTTTCAATGA,CWGTCATTGAAAGATCGGAAGAGCGTCGTGTAGGGAAAGAGTGT
276,GGCGTAGT,ACACTCTTTCCCTACACGACGCTCTTCCGATCTGGCGTAGT,CWGACTACGCCAGATCGGAAGAGCGTCGTGTAGGGAAAGAGTGT
277,ACGATGGA,ACACTCTTTCCCTACACGACGCTCTTCCGATCTACGATGGA,CWGTCCATCGTAGATCGGAAGAGCGTCGTGTAGGGAAAGAGTGT
278,CAACAAGT,ACACTCTTTCCCTACACGACGCTCTTCCGATCTCAACAAGT,CWGACTTGTTGAGATCGGAAGAGCGTCGTGTAGGGAAAGAGTGT
279,TGTGCTGA,ACACTCTTTCCCTACACGACGCTCTTCCGATCTTGTGCTGA,CWGTCAGCACAAGATCGGAAGAGCGTCGTGTAGGGAAAGAGTGT
280,GTGCGAGT,ACACTCTTTCCCTACACGACGCTCTTCCGATCTGTGCGAGT,CWGACTCGCACAGATCGGAAGAGCGTCGTGTAGGGAAAGAGTGT
281,ACATAGGA,ACACTCTTTCCCTACACGACGCTCTTCCGATCTACATAGGA,CWGTCCTATGTAGATCGGAAGAGCGTCGTGTAGGGAAAGAGTGT
282,CACGTTGT,ACACTCTTTCCCTACACGACGCTCTTCCGATCTCACGTTGT,CWGACAACGTGAGATCGGAAGAGCGTCGTGTAGGGAAAGAGTGT
283,GTGACGGT,ACACTCTTTCCCTACACGACGCTCTTCCGATCTGTGACGGT,CWGACCGTCACAGATCGGAAGAGCGTCGTGTAGGGAAAGAGTGT
284,CGTTGAGA,ACACTCTTTCCCTACACGACGCTCTTCCGATCTCGTTGAGA,CWGTCTCAACGAGATCGGAAGAGCGTCGTGTAGGGAAAGAGTGT
285,TAACCTGA,ACACTCTTTCCCTACACGACGCTCTTCCGATCTTAACCTGA,CWGTCAGGTTAAGATCGGAAGAGCGTCGTGTAGGGAAAGAGTGT
286,ACCTTGGT,ACACTCTTTCCCTACACGACGCTCTTCCGATCTACCTTGGT,CWGACCAAGGTAGATCGGAAGAGCGTCGTGTAGGGAAAGAGTGT
287,CTGAGTGT,ACACTCTTTCCCTACACGACGCTCTTCCGATCTCTGAGTGT,CWGACACTCAGAGATCGGAAGAGCGTCGTGTAGGGAAAGAGTGT
288,GCTGAAGA,ACACTCTTTCCCTACACGACGCTCTTCCGATCTGCTGAAGA,CWGTCTTCAGCAGATCGGAAGAGCGTCGTGTAGGGAAAGAGTGT
289,TGAGCGGT,ACACTCTTTCCCTACACGACGCTCTTCCGATCTTGAGCGGT,CWGACCGCTCAAGATCGGAAGAGCGTCGTGTAGGGAAAGAGTGT
290,AATCAAGA,ACACTCTTTCCCTACACGACGCTCTTCCGATCTAATCAAGA,CWGTCTTGATTAGATCGGAAGAGCGTCGTGTAGGGAAAGAGTGT
291,GGCAGTGA,ACACTCTTTCCCTACACGACGCTCTTCCGATCTGGCAGTGA,CWGTCACTGCCAGATCGGAAGAGCGTCGTGTAGGGAAAGAGTGT
292,CAGTTGGT,ACACTCTTTCCCTACACGACGCTCTTCCGATCTCAGTTGGT,CWGACCAACTGAGATCGGAAGAGCGTCGTGTAGGGAAAGAGTGT
293,TTAACAGA,ACACTCTTTCCCTACACGACGCTCTTCCGATCTTTAACAGA,CWGTCTGTTAAAGATCGGAAGAGCGTCGTGTAGGGAAAGAGTGT
294,ACTCATGT,ACACTCTTTCCCTACACGACGCTCTTCCGATCTACTCATGT,CWGACATGAGTAGATCGGAAGAGCGTCGTGTAGGGAAAGAGTGT
295,TTCGGAGA,ACACTCTTTCCCTACACGACGCTCTTCCGATCTTTCGGAGA,CWGTCTCCGAAAGATCGGAAGAGCGTCGTGTAGGGAAAGAGTGT
296,GCGTAGGT,ACACTCTTTCCCTACACGACGCTCTTCCGATCTGCGTAGGT,CWGACCTACGCAGATCGGAAGAGCGTCGTGTAGGGAAAGAGTGT
297,AGCCTTGT,ACACTCTTTCCCTACACGACGCTCTTCCGATCTAGCCTTGT,CWGACAAGGCTAGATCGGAAGAGCGTCGTGTAGGGAAAGAGTGT
298,CAATCCGA,ACACTCTTTCCCTACACGACGCTCTTCCGATCTCAATCCGA,CWGTCGGATTGAGATCGGAAGAGCGTCGTGTAGGGAAAGAGTGT
299,CGTATGGT,ACACTCTTTCCCTACACGACGCTCTTCCGATCTCGTATGGT,CWGACCATACGAGATCGGAAGAGCGTCGTGTAGGGAAAGAGTGT
300,TTGAGCGA,ACACTCTTTCCCTACACGACGCTCTTCCGATCTTTGAGCGA,CWGTCGCTCAAAGATCGGAAGAGCGTCGTGTAGGGAAAGAGTGT
301,GACGATGA,ACACTCTTTCCCTACACGACGCTCTTCCGATCTGACGATGA,CWGTCATCGTCAGATCGGAAGAGCGTCGTGTAGGGAAAGAGTGT
302,ACACGAGT,ACACTCTTTCCCTACACGACGCTCTTCCGATCTACACGAGT,CWGACTCGTGTAGATCGGAAGAGCGTCGTGTAGGGAAAGAGTGT
303,TTGGCAGT,ACACTCTTTCCCTACACGACGCTCTTCCGATCTTTGGCAGT,CWGACTGCCAAAGATCGGAAGAGCGTCGTGTAGGGAAAGAGTGT
304,GGTCTTGA,ACACTCTTTCCCTACACGACGCTCTTCCGATCTGGTCTTGA,CWGTCAAGACCAGATCGGAAGAGCGTCGTGTAGGGAAAGAGTGT
305,ATATCGGT,ACACTCTTTCCCTACACGACGCTCTTCCGATCTATATCGGT,CWGACCGATATAGATCGGAAGAGCGTCGTGTAGGGAAAGAGTGT
306,CACATCGA,ACACTCTTTCCCTACACGACGCTCTTCCGATCTCACATCGA,CWGTCGATGTGAGATCGGAAGAGCGTCGTGTAGGGAAAGAGTGT
307,TCTTATGA,ACACTCTTTCCCTACACGACGCTCTTCCGATCTTCTTATGA,CWGTCATAAGAAGATCGGAAGAGCGTCGTGTAGGGAAAGAGTGT
308,CGAGGAGT,ACACTCTTTCCCTACACGACGCTCTTCCGATCTCGAGGAGT,CWGACTCCTCGAGATCGGAAGAGCGTCGTGTAGGGAAAGAGTGT
309,GTGCTGGA,ACACTCTTTCCCTACACGACGCTCTTCCGATCTGTGCTGGA,CWGTCCAGCACAGATCGGAAGAGCGTCGTGTAGGGAAAGAGTGT
310,AACGCCGT,ACACTCTTTCCCTACACGACGCTCTTCCGATCTAACGCCGT,CWGACGGCGTTAGATCGGAAGAGCGTCGTGTAGGGAAAGAGTGT
311,TCGAATGT,ACACTCTTTCCCTACACGACGCTCTTCCGATCTTCGAATGT,CWGACATTCGAAGATCGGAAGAGCGTCGTGTAGGGAAAGAGTGT
312,GATTGCGA,ACACTCTTTCCCTACACGACGCTCTTCCGATCTGATTGCGA,CWGTCGCAATCAGATCGGAAGAGCGTCGTGTAGGGAAAGAGTGT
313,CGATAGGT,ACACTCTTTCCCTACACGACGCTCTTCCGATCTCGATAGGT,CWGACCTATCGAGATCGGAAGAGCGTCGTGTAGGGAAAGAGTGT
314,ATGCCAGA,ACACTCTTTCCCTACACGACGCTCTTCCGATCTATGCCAGA,CWGTCTGGCATAGATCGGAAGAGCGTCGTGTAGGGAAAGAGTGT
315,TCCAGAGT,ACACTCTTTCCCTACACGACGCTCTTCCGATCTTCCAGAGT,CWGACTCTGGAAGATCGGAAGAGCGTCGTGTAGGGAAAGAGTGT
316,CGTGTGTA,ACACTCTTTCCCTACACGACGCTCTTCCGATCTCGTGTGTA,CWGTACACACGAGATCGGAAGAGCGTCGTGTAGGGAAAGAGTGT
317,GACCGTGT,ACACTCTTTCCCTACACGACGCTCTTCCGATCTGACCGTGT,CWGACACGGTCAGATCGGAAGAGCGTCGTGTAGGGAAAGAGTGT
318,ACAACGTA,ACACTCTTTCCCTACACGACGCTCTTCCGATCTACAACGTA,CWGTACGTTGTAGATCGGAAGAGCGTCGTGTAGGGAAAGAGTGT
319,TTGTACGT,ACACTCTTTCCCTACACGACGCTCTTCCGATCTTTGTACGT,CWGACGTACAAAGATCGGAAGAGCGTCGTGTAGGGAAAGAGTGT
320,GTTGTCTA,ACACTCTTTCCCTACACGACGCTCTTCCGATCTGTTGTCTA,CWGTAGACAACAGATCGGAAGAGCGTCGTGTAGGGAAAGAGTGT
321,AGAACAGT,ACACTCTTTCCCTACACGACGCTCTTCCGATCTAGAACAGT,CWGACTGTTCTAGATCGGAAGAGCGTCGTGTAGGGAAAGAGTGT
322,CACCGTTA,ACACTCTTTCCCTACACGACGCTCTTCCGATCTCACCGTTA,CWGTAACGGTGAGATCGGAAGAGCGTCGTGTAGGGAAAGAGTGT
323,TCGTTGAA,ACACTCTTTCCCTACACGACGCTCTTCCGATCTTCGTTGAA,CWGTTCAACGAAGATCGGAAGAGCGTCGTGTAGGGAAAGAGTGT
324,GGTGACGT,ACACTCTTTCCCTACACGACGCTCTTCCGATCTGGTGACGT,CWGACGTCACCAGATCGGAAGAGCGTCGTGTAGGGAAAGAGTGT
325,AACAGATA,ACACTCTTTCCCTACACGACGCTCTTCCGATCTAACAGATA,CWGTATCTGTTAGATCGGAAGAGCGTCGTGTAGGGAAAGAGTGT
326,CCAGCTAT,ACACTCTTTCCCTACACGACGCTCTTCCGATCTCCAGCTAT,CWGATAGCTGGAGATCGGAAGAGCGTCGTGTAGGGAAAGAGTGT
327,TGTCTAGT,ACACTCTTTCCCTACACGACGCTCTTCCGATCTTGTCTAGT,CWGACTAGACAAGATCGGAAGAGCGTCGTGTAGGGAAAGAGTGT
328,GTCTAGTA,ACACTCTTTCCCTACACGACGCTCTTCCGATCTGTCTAGTA,CWGTACTAGACAGATCGGAAGAGCGTCGTGTAGGGAAAGAGTGT
329,AAGACTAT,ACACTCTTTCCCTACACGACGCTCTTCCGATCTAAGACTAT,CWGATAGTCTTAGATCGGAAGAGCGTCGTGTAGGGAAAGAGTGT
330,CCGTACGA,ACACTCTTTCCCTACACGACGCTCTTCCGATCTCCGTACGA,CWGTCGTACGGAGATCGGAAGAGCGTCGTGTAGGGAAAGAGTGT
331,TGTCGGAA,ACACTCTTTCCCTACACGACGCTCTTCCGATCTTGTCGGAA,CWGTTCCGACAAGATCGGAAGAGCGTCGTGTAGGGAAAGAGTGT
332,CTAGTATT,ACACTCTTTCCCTACACGACGCTCTTCCGATCTCTAGTATT,CWGAATACTAGAGATCGGAAGAGCGTCGTGTAGGGAAAGAGTGT
333,GCAATTGT,ACACTCTTTCCCTACACGACGCTCTTCCGATCTGCAATTGT,CWGACAATTGCAGATCGGAAGAGCGTCGTGTAGGGAAAGAGTGT
334,AACCAGTA,ACACTCTTTCCCTACACGACGCTCTTCCGATCTAACCAGTA,CWGTACTGGTTAGATCGGAAGAGCGTCGTGTAGGGAAAGAGTGT
335,TTGTCCAA,ACACTCTTTCCCTACACGACGCTCTTCCGATCTTTGTCCAA,CWGTTGGACAAAGATCGGAAGAGCGTCGTGTAGGGAAAGAGTGT
336,CGTGGTAT,ACACTCTTTCCCTACACGACGCTCTTCCGATCTCGTGGTAT,CWGATACCACGAGATCGGAAGAGCGTCGTGTAGGGAAAGAGTGT
337,GAATCAGT,ACACTCTTTCCCTACACGACGCTCTTCCGATCTGAATCAGT,CWGACTGATTCAGATCGGAAGAGCGTCGTGTAGGGAAAGAGTGT
338,ACCGACTA,ACACTCTTTCCCTACACGACGCTCTTCCGATCTACCGACTA,CWGTAGTCGGTAGATCGGAAGAGCGTCGTGTAGGGAAAGAGTGT
339,TGGCGAGA,ACACTCTTTCCCTACACGACGCTCTTCCGATCTTGGCGAGA,CWGTCTCGCCAAGATCGGAAGAGCGTCGTGTAGGGAAAGAGTGT
340,GCTATGAT,ACACTCTTTCCCTACACGACGCTCTTCCGATCTGCTATGAT,CWGATCATAGCAGATCGGAAGAGCGTCGTGTAGGGAAAGAGTGT
341,ATAGCTTA,ACACTCTTTCCCTACACGACGCTCTTCCGATCTATAGCTTA,CWGTAAGCTATAGATCGGAAGAGCGTCGTGTAGGGAAAGAGTGT
342,CACTGCGT,ACACTCTTTCCCTACACGACGCTCTTCCGATCTCACTGCGT,CWGACGCAGTGAGATCGGAAGAGCGTCGTGTAGGGAAAGAGTGT
343,TTGCAGAA,ACACTCTTTCCCTACACGACGCTCTTCCGATCTTTGCAGAA,CWGTTCTGCAAAGATCGGAAGAGCGTCGTGTAGGGAAAGAGTGT
344,GGTATCTT,ACACTCTTTCCCTACACGACGCTCTTCCGATCTGGTATCTT,CWGAAGATACCAGATCGGAAGAGCGTCGTGTAGGGAAAGAGTGT
345,AAGCTTGA,ACACTCTTTCCCTACACGACGCTCTTCCGATCTAAGCTTGA,CWGTCAAGCTTAGATCGGAAGAGCGTCGTGTAGGGAAAGAGTGT
346,CCAAGAAT,ACACTCTTTCCCTACACGACGCTCTTCCGATCTCCAAGAAT,CWGATTCTTGGAGATCGGAAGAGCGTCGTGTAGGGAAAGAGTGT
347,TTCGAGTT,ACACTCTTTCCCTACACGACGCTCTTCCGATCTTTCGAGTT,CWGAACTCGAAAGATCGGAAGAGCGTCGTGTAGGGAAAGAGTGT
348,GGCTCAGA,ACACTCTTTCCCTACACGACGCTCTTCCGATCTGGCTCAGA,CWGTCTGAGCCAGATCGGAAGAGCGTCGTGTAGGGAAAGAGTGT
349,AATGCTAA,ACACTCTTTCCCTACACGACGCTCTTCCGATCTAATGCTAA,CWGTTAGCATTAGATCGGAAGAGCGTCGTGTAGGGAAAGAGTGT
350,CCAATGTT,ACACTCTTTCCCTACACGACGCTCTTCCGATCTCCAATGTT,CWGAACATTGGAGATCGGAAGAGCGTCGTGTAGGGAAAGAGTGT
351,GTTCACGA,ACACTCTTTCCCTACACGACGCTCTTCCGATCTGTTCACGA,CWGTCGTGAACAGATCGGAAGAGCGTCGTGTAGGGAAAGAGTGT
352,CGGTGATT,ACACTCTTTCCCTACACGACGCTCTTCCGATCTCGGTGATT,CWGAATCACCGAGATCGGAAGAGCGTCGTGTAGGGAAAGAGTGT
353,TACAGTAA,ACACTCTTTCCCTACACGACGCTCTTCCGATCTTACAGTAA,CWGTTACTGTAAGATCGGAAGAGCGTCGTGTAGGGAAAGAGTGT
354,ACAGACGT,ACACTCTTTCCCTACACGACGCTCTTCCGATCTACAGACGT,CWGACGTCTGTAGATCGGAAGAGCGTCGTGTAGGGAAAGAGTGT
355,TGTTCGAT,ACACTCTTTCCCTACACGACGCTCTTCCGATCTTGTTCGAT,CWGATCGAACAAGATCGGAAGAGCGTCGTGTAGGGAAAGAGTGT
356,CTGCTATA,ACACTCTTTCCCTACACGACGCTCTTCCGATCTCTGCTATA,CWGTATAGCAGAGATCGGAAGAGCGTCGTGTAGGGAAAGAGTGT
357,GCAGGTGA,ACACTCTTTCCCTACACGACGCTCTTCCGATCTGCAGGTGA,CWGTCACCTGCAGATCGGAAGAGCGTCGTGTAGGGAAAGAGTGT
358,AACCTGAT,ACACTCTTTCCCTACACGACGCTCTTCCGATCTAACCTGAT,CWGATCAGGTTAGATCGGAAGAGCGTCGTGTAGGGAAAGAGTGT
359,TTGACCTT,ACACTCTTTCCCTACACGACGCTCTTCCGATCTTTGACCTT,CWGAAGGTCAAAGATCGGAAGAGCGTCGTGTAGGGAAAGAGTGT
360,CGTTATAA,ACACTCTTTCCCTACACGACGCTCTTCCGATCTCGTTATAA,CWGTTATAACGAGATCGGAAGAGCGTCGTGTAGGGAAAGAGTGT
361,GATACAGA,ACACTCTTTCCCTACACGACGCTCTTCCGATCTGATACAGA,CWGTCTGTATCAGATCGGAAGAGCGTCGTGTAGGGAAAGAGTGT
362,ACACAGTT,ACACTCTTTCCCTACACGACGCTCTTCCGATCTACACAGTT,CWGAACTGTGTAGATCGGAAGAGCGTCGTGTAGGGAAAGAGTGT
363,TTCTTCGA,ACACTCTTTCCCTACACGACGCTCTTCCGATCTTTCTTCGA,CWGTCGAAGAAAGATCGGAAGAGCGTCGTGTAGGGAAAGAGTGT
364,AGCGGAAT,ACACTCTTTCCCTACACGACGCTCTTCCGATCTAGCGGAAT,CWGATTCCGCTAGATCGGAAGAGCGTCGTGTAGGGAAAGAGTGT
365,GAGACTTA,ACACTCTTTCCCTACACGACGCTCTTCCGATCTGAGACTTA,CWGTAAGTCTCAGATCGGAAGAGCGTCGTGTAGGGAAAGAGTGT
366,CCATTCGT,ACACTCTTTCCCTACACGACGCTCTTCCGATCTCCATTCGT,CWGACGAATGGAGATCGGAAGAGCGTCGTGTAGGGAAAGAGTGT
367,TGGCAGTT,ACACTCTTTCCCTACACGACGCTCTTCCGATCTTGGCAGTT,CWGAACTGCCAAGATCGGAAGAGCGTCGTGTAGGGAAAGAGTGT
368,GTCGGTAA,ACACTCTTTCCCTACACGACGCTCTTCCGATCTGTCGGTAA,CWGTTACCGACAGATCGGAAGAGCGTCGTGTAGGGAAAGAGTGT
369,ACTATAGT,ACACTCTTTCCCTACACGACGCTCTTCCGATCTACTATAGT,CWGACTATAGTAGATCGGAAGAGCGTCGTGTAGGGAAAGAGTGT
370,CAACCGTA,ACACTCTTTCCCTACACGACGCTCTTCCGATCTCAACCGTA,CWGTACGGTTGAGATCGGAAGAGCGTCGTGTAGGGAAAGAGTGT
371,TGTGACAA,ACACTCTTTCCCTACACGACGCTCTTCCGATCTTGTGACAA,CWGTTGTCACAAGATCGGAAGAGCGTCGTGTAGGGAAAGAGTGT
372,GTGTCTAT,ACACTCTTTCCCTACACGACGCTCTTCCGATCTGTGTCTAT,CWGATAGACACAGATCGGAAGAGCGTCGTGTAGGGAAAGAGTGT
373,ACCTGAGA,ACACTCTTTCCCTACACGACGCTCTTCCGATCTACCTGAGA,CWGTCTCAGGTAGATCGGAAGAGCGTCGTGTAGGGAAAGAGTGT
374,CAACGCTT,ACACTCTTTCCCTACACGACGCTCTTCCGATCTCAACGCTT,CWGAAGCGTTGAGATCGGAAGAGCGTCGTGTAGGGAAAGAGTGT
375,TTCATGGT,ACACTCTTTCCCTACACGACGCTCTTCCGATCTTTCATGGT,CWGACCATGAAAGATCGGAAGAGCGTCGTGTAGGGAAAGAGTGT
376,GCGGATAA,ACACTCTTTCCCTACACGACGCTCTTCCGATCTGCGGATAA,CWGTTATCCGCAGATCGGAAGAGCGTCGTGTAGGGAAAGAGTGT
377,AGTCGATA,ACACTCTTTCCCTACACGACGCTCTTCCGATCTAGTCGATA,CWGTATCGACTAGATCGGAAGAGCGTCGTGTAGGGAAAGAGTGT
378,CATGCGGT,ACACTCTTTCCCTACACGACGCTCTTCCGATCTCATGCGGT,CWGACCGCATGAGATCGGAAGAGCGTCGTGTAGGGAAAGAGTGT
379,TGATACAT,ACACTCTTTCCCTACACGACGCTCTTCCGATCTTGATACAT,CWGATGTATCAAGATCGGAAGAGCGTCGTGTAGGGAAAGAGTGT
380,TCGATATA,ACACTCTTTCCCTACACGACGCTCTTCCGATCTTCGATATA,CWGTATATCGAAGATCGGAAGAGCGTCGTGTAGGGAAAGAGTGT
381,GTACATGT,ACACTCTTTCCCTACACGACGCTCTTCCGATCTGTACATGT,CWGACATGTACAGATCGGAAGAGCGTCGTGTAGGGAAAGAGTGT
382,AATAGCAA,ACACTCTTTCCCTACACGACGCTCTTCCGATCTAATAGCAA,CWGTTGCTATTAGATCGGAAGAGCGTCGTGTAGGGAAAGAGTGT
383,CGCTCGTA,ACACTCTTTCCCTACACGACGCTCTTCCGATCTCGCTCGTA,CWGTACGAGCGAGATCGGAAGAGCGTCGTGTAGGGAAAGAGTGT
384,CTGGTTAT,ACACTCTTTCCCTACACGACGCTCTTCCGATCTCTGGTTAT,CWGATAACCAGAGATCGGAAGAGCGTCGTGTAGGGAAAGAGTGT
385,GTCTAAGT,ACACTCTTTCCCTACACGACGCTCTTCCGATCTGTCTAAGT,CWGACTTAGACAGATCGGAAGAGCGTCGTGTAGGGAAAGAGTGT
386,AAGCGCTA,ACACTCTTTCCCTACACGACGCTCTTCCGATCTAAGCGCTA,CWGTAGCGCTTAGATCGGAAGAGCGTCGTGTAGGGAAAGAGTGT
387,TCAGCGAA,ACACTCTTTCCCTACACGACGCTCTTCCGATCTTCAGCGAA,CWGTTCGCTGAAGATCGGAAGAGCGTCGTGTAGGGAAAGAGTGT
388,TATATCGT,ACACTCTTTCCCTACACGACGCTCTTCCGATCTTATATCGT,CWGACGATATAAGATCGGAAGAGCGTCGTGTAGGGAAAGAGTGT
389,GGACAATA,ACACTCTTTCCCTACACGACGCTCTTCCGATCTGGACAATA,CWGTATTGTCCAGATCGGAAGAGCGTCGTGTAGGGAAAGAGTGT
390,ATCGGTGT,ACACTCTTTCCCTACACGACGCTCTTCCGATCTATCGGTGT,CWGACACCGATAGATCGGAAGAGCGTCGTGTAGGGAAAGAGTGT
391,CCGACGAT,ACACTCTTTCCCTACACGACGCTCTTCCGATCTCCGACGAT,CWGATCGTCGGAGATCGGAAGAGCGTCGTGTAGGGAAAGAGTGT
392,GGATTCTA,ACACTCTTTCCCTACACGACGCTCTTCCGATCTGGATTCTA,CWGTAGAATCCAGATCGGAAGAGCGTCGTGTAGGGAAAGAGTGT
393,ACTAGTGA,ACACTCTTTCCCTACACGACGCTCTTCCGATCTACTAGTGA,CWGTCACTAGTAGATCGGAAGAGCGTCGTGTAGGGAAAGAGTGT
394,CACGAATT,ACACTCTTTCCCTACACGACGCTCTTCCGATCTCACGAATT,CWGAATTCGTGAGATCGGAAGAGCGTCGTGTAGGGAAAGAGTGT
395,TGGCCAAT,ACACTCTTTCCCTACACGACGCTCTTCCGATCTTGGCCAAT,CWGATTGGCCAAGATCGGAAGAGCGTCGTGTAGGGAAAGAGTGT
396,CTATTGGA,ACACTCTTTCCCTACACGACGCTCTTCCGATCTCTATTGGA,CWGTCCAATAGAGATCGGAAGAGCGTCGTGTAGGGAAAGAGTGT
397,GCTAATTA,ACACTCTTTCCCTACACGACGCTCTTCCGATCTGCTAATTA,CWGTAATTAGCAGATCGGAAGAGCGTCGTGTAGGGAAAGAGTGT
398,AAGTTCAT,ACACTCTTTCCCTACACGACGCTCTTCCGATCTAAGTTCAT,CWGATGAACTTAGATCGGAAGAGCGTCGTGTAGGGAAAGAGTGT
399,TTCCGGAT,ACACTCTTTCCCTACACGACGCTCTTCCGATCTTTCCGGAT,CWGATCCGGAAAGATCGGAAGAGCGTCGTGTAGGGAAAGAGTGT
400,GGCGCTTA,ACACTCTTTCCCTACACGACGCTCTTCCGATCTGGCGCTTA,CWGTAAGCGCCAGATCGGAAGAGCGTCGTGTAGGGAAAGAGTGT
401,AATGTCGA,ACACTCTTTCCCTACACGACGCTCTTCCGATCTAATGTCGA,CWGTCGACATTAGATCGGAAGAGCGTCGTGTAGGGAAAGAGTGT
402,CCGCAATT,ACACTCTTTCCCTACACGACGCTCTTCCGATCTCCGCAATT,CWGAATTGCGGAGATCGGAAGAGCGTCGTGTAGGGAAAGAGTGT
403,TTAACGAT,ACACTCTTTCCCTACACGACGCTCTTCCGATCTTTAACGAT,CWGATCGTTAAAGATCGGAAGAGCGTCGTGTAGGGAAAGAGTGT
404,AGGTGCGA,ACACTCTTTCCCTACACGACGCTCTTCCGATCTAGGTGCGA,CWGTCGCACCTAGATCGGAAGAGCGTCGTGTAGGGAAAGAGTGT
405,GCTCCAAT,ACACTCTTTCCCTACACGACGCTCTTCCGATCTGCTCCAAT,CWGATTGGAGCAGATCGGAAGAGCGTCGTGTAGGGAAAGAGTGT
406,CGAGATGA,ACACTCTTTCCCTACACGACGCTCTTCCGATCTCGAGATGA,CWGTCATCTCGAGATCGGAAGAGCGTCGTGTAGGGAAAGAGTGT
407,TACATGTA,ACACTCTTTCCCTACACGACGCTCTTCCGATCTTACATGTA,CWGTACATGTAAGATCGGAAGAGCGTCGTGTAGGGAAAGAGTGT
408,GTTCGTAT,ACACTCTTTCCCTACACGACGCTCTTCCGATCTGTTCGTAT,CWGATACGAACAGATCGGAAGAGCGTCGTGTAGGGAAAGAGTGT
409,TACTAAGA,ACACTCTTTCCCTACACGACGCTCTTCCGATCTTACTAAGA,CWGTCTTAGTAAGATCGGAAGAGCGTCGTGTAGGGAAAGAGTGT
410,ACAAGCTT,ACACTCTTTCCCTACACGACGCTCTTCCGATCTACAAGCTT,CWGAAGCTTGTAGATCGGAAGAGCGTCGTGTAGGGAAAGAGTGT
411,CGGTTGCA,ACACTCTTTCCCTACACGACGCTCTTCCGATCTCGGTTGCA,CWGTGCAACCGAGATCGGAAGAGCGTCGTGTAGGGAAAGAGTGT
412,GTTGCCAT,ACACTCTTTCCCTACACGACGCTCTTCCGATCTGTTGCCAT,CWGATGGCAACAGATCGGAAGAGCGTCGTGTAGGGAAAGAGTGT
413,ACCGTTGA,ACACTCTTTCCCTACACGACGCTCTTCCGATCTACCGTTGA,CWGTCAACGGTAGATCGGAAGAGCGTCGTGTAGGGAAAGAGTGT
414,CGACCATT,ACACTCTTTCCCTACACGACGCTCTTCCGATCTCGACCATT,CWGAATGGTCGAGATCGGAAGAGCGTCGTGTAGGGAAAGAGTGT
415,GTTAGCGT,ACACTCTTTCCCTACACGACGCTCTTCCGATCTGTTAGCGT,CWGACGCTAACAGATCGGAAGAGCGTCGTGTAGGGAAAGAGTGT
416,TAGTAGCA,ACACTCTTTCCCTACACGACGCTCTTCCGATCTTAGTAGCA,CWGTGCTACTAAGATCGGAAGAGCGTCGTGTAGGGAAAGAGTGT
417,AACGATAT,ACACTCTTTCCCTACACGACGCTCTTCCGATCTAACGATAT,CWGATATCGTTAGATCGGAAGAGCGTCGTGTAGGGAAAGAGTGT
418,CCACGATA,ACACTCTTTCCCTACACGACGCTCTTCCGATCTCCACGATA,CWGTATCGTGGAGATCGGAAGAGCGTCGTGTAGGGAAAGAGTGT
419,GGTACGTA,ACACTCTTTCCCTACACGACGCTCTTCCGATCTGGTACGTA,CWGTACGTACCAGATCGGAAGAGCGTCGTGTAGGGAAAGAGTGT
420,TTGATACT,ACACTCTTTCCCTACACGACGCTCTTCCGATCTTTGATACT,CWGAGTATCAAAGATCGGAAGAGCGTCGTGTAGGGAAAGAGTGT
421,AGCTATGA,ACACTCTTTCCCTACACGACGCTCTTCCGATCTAGCTATGA,CWGTCATAGCTAGATCGGAAGAGCGTCGTGTAGGGAAAGAGTGT
422,CAATGGAT,ACACTCTTTCCCTACACGACGCTCTTCCGATCTCAATGGAT,CWGATCCATTGAGATCGGAAGAGCGTCGTGTAGGGAAAGAGTGT
423,TCTCTCGA,ACACTCTTTCCCTACACGACGCTCTTCCGATCTTCTCTCGA,CWGTCGAGAGAAGATCGGAAGAGCGTCGTGTAGGGAAAGAGTGT
424,ATGGCTCT,ACACTCTTTCCCTACACGACGCTCTTCCGATCTATGGCTCT,CWGAGAGCCATAGATCGGAAGAGCGTCGTGTAGGGAAAGAGTGT
425,GACATAAT,ACACTCTTTCCCTACACGACGCTCTTCCGATCTGACATAAT,CWGATTATGTCAGATCGGAAGAGCGTCGTGTAGGGAAAGAGTGT
426,CCAGAGTA,ACACTCTTTCCCTACACGACGCTCTTCCGATCTCCAGAGTA,CWGTACTCTGGAGATCGGAAGAGCGTCGTGTAGGGAAAGAGTGT
427,TGTTGCTA,ACACTCTTTCCCTACACGACGCTCTTCCGATCTTGTTGCTA,CWGTAGCAACAAGATCGGAAGAGCGTCGTGTAGGGAAAGAGTGT
428,CTGCCACT,ACACTCTTTCCCTACACGACGCTCTTCCGATCTCTGCCACT,CWGAGTGGCAGAGATCGGAAGAGCGTCGTGTAGGGAAAGAGTGT
429,GCGCCTGA,ACACTCTTTCCCTACACGACGCTCTTCCGATCTGCGCCTGA,CWGTCAGGCGCAGATCGGAAGAGCGTCGTGTAGGGAAAGAGTGT
430,AGAATCAT,ACACTCTTTCCCTACACGACGCTCTTCCGATCTAGAATCAT,CWGATGATTCTAGATCGGAAGAGCGTCGTGTAGGGAAAGAGTGT
431,TACTGGTT,ACACTCTTTCCCTACACGACGCTCTTCCGATCTTACTGGTT,CWGAACCAGTAAGATCGGAAGAGCGTCGTGTAGGGAAAGAGTGT
432,ATTGAACA,ACACTCTTTCCCTACACGACGCTCTTCCGATCTATTGAACA,CWGTGTTCAATAGATCGGAAGAGCGTCGTGTAGGGAAAGAGTGT
433,GAAGTCGT,ACACTCTTTCCCTACACGACGCTCTTCCGATCTGAAGTCGT,CWGACGACTTCAGATCGGAAGAGCGTCGTGTAGGGAAAGAGTGT
434,CCGAGTAA,ACACTCTTTCCCTACACGACGCTCTTCCGATCTCCGAGTAA,CWGTTACTCGGAGATCGGAAGAGCGTCGTGTAGGGAAAGAGTGT
435,GGCCAGAT,ACACTCTTTCCCTACACGACGCTCTTCCGATCTGGCCAGAT,CWGATCTGGCCAGATCGGAAGAGCGTCGTGTAGGGAAAGAGTGT
436,TGTTCACA,ACACTCTTTCCCTACACGACGCTCTTCCGATCTTGTTCACA,CWGTGTGAACAAGATCGGAAGAGCGTCGTGTAGGGAAAGAGTGT
437,ATACGTGA,ACACTCTTTCCCTACACGACGCTCTTCCGATCTATACGTGA,CWGTCACGTATAGATCGGAAGAGCGTCGTGTAGGGAAAGAGTGT
438,CATTAGTT,ACACTCTTTCCCTACACGACGCTCTTCCGATCTCATTAGTT,CWGAACTAATGAGATCGGAAGAGCGTCGTGTAGGGAAAGAGTGT
439,TCCACCGA,ACACTCTTTCCCTACACGACGCTCTTCCGATCTTCCACCGA,CWGTCGGTGGAAGATCGGAAGAGCGTCGTGTAGGGAAAGAGTGT
440,GCGGTAAT,ACACTCTTTCCCTACACGACGCTCTTCCGATCTGCGGTAAT,CWGATTACCGCAGATCGGAAGAGCGTCGTGTAGGGAAAGAGTGT
441,CTAAGTTA,ACACTCTTTCCCTACACGACGCTCTTCCGATCTCTAAGTTA,CWGTAACTTAGAGATCGGAAGAGCGTCGTGTAGGGAAAGAGTGT
442,AATCAGCT,ACACTCTTTCCCTACACGACGCTCTTCCGATCTAATCAGCT,CWGAGCTGATTAGATCGGAAGAGCGTCGTGTAGGGAAAGAGTGT
443,TGCGCCAT,ACACTCTTTCCCTACACGACGCTCTTCCGATCTTGCGCCAT,CWGATGGCGCAAGATCGGAAGAGCGTCGTGTAGGGAAAGAGTGT
444,GTGATTCA,ACACTCTTTCCCTACACGACGCTCTTCCGATCTGTGATTCA,CWGTGAATCACAGATCGGAAGAGCGTCGTGTAGGGAAAGAGTGT
445,AGCTAATT,ACACTCTTTCCCTACACGACGCTCTTCCGATCTAGCTAATT,CWGAATTAGCTAGATCGGAAGAGCGTCGTGTAGGGAAAGAGTGT
446,TCATGCGA,ACACTCTTTCCCTACACGACGCTCTTCCGATCTTCATGCGA,CWGTCGCATGAAGATCGGAAGAGCGTCGTGTAGGGAAAGAGTGT
447,CAGCTGAA,ACACTCTTTCCCTACACGACGCTCTTCCGATCTCAGCTGAA,CWGTTCAGCTGAGATCGGAAGAGCGTCGTGTAGGGAAAGAGTGT
448,ATTGCGTT,ACACTCTTTCCCTACACGACGCTCTTCCGATCTATTGCGTT,CWGAACGCAATAGATCGGAAGAGCGTCGTGTAGGGAAAGAGTGT
449,GAGCACGT,ACACTCTTTCCCTACACGACGCTCTTCCGATCTGAGCACGT,CWGACGTGCTCAGATCGGAAGAGCGTCGTGTAGGGAAAGAGTGT
450,CCTGCACA,ACACTCTTTCCCTACACGACGCTCTTCCGATCTCCTGCACA,CWGTGTGCAGGAGATCGGAAGAGCGTCGTGTAGGGAAAGAGTGT
451,TTATGTCT,ACACTCTTTCCCTACACGACGCTCTTCCGATCTTTATGTCT,CWGAGACATAAAGATCGGAAGAGCGTCGTGTAGGGAAAGAGTGT
452,GCCATTAA,ACACTCTTTCCCTACACGACGCTCTTCCGATCTGCCATTAA,CWGTTAATGGCAGATCGGAAGAGCGTCGTGTAGGGAAAGAGTGT
453,AGGACATA,ACACTCTTTCCCTACACGACGCTCTTCCGATCTAGGACATA,CWGTATGTCCTAGATCGGAAGAGCGTCGTGTAGGGAAAGAGTGT
454,CGCCACGT,ACACTCTTTCCCTACACGACGCTCTTCCGATCTCGCCACGT,CWGACGTGGCGAGATCGGAAGAGCGTCGTGTAGGGAAAGAGTGT
455,TAATTGCT,ACACTCTTTCCCTACACGACGCTCTTCCGATCTTAATTGCT,CWGAGCAATTAAGATCGGAAGAGCGTCGTGTAGGGAAAGAGTGT
456,GCTGGCAA,ACACTCTTTCCCTACACGACGCTCTTCCGATCTGCTGGCAA,CWGTTGCCAGCAGATCGGAAGAGCGTCGTGTAGGGAAAGAGTGT
457,CTCCAAGA,ACACTCTTTCCCTACACGACGCTCTTCCGATCTCTCCAAGA,CWGTCTTGGAGAGATCGGAAGAGCGTCGTGTAGGGAAAGAGTGT
458,AGGTCGTT,ACACTCTTTCCCTACACGACGCTCTTCCGATCTAGGTCGTT,CWGAACGACCTAGATCGGAAGAGCGTCGTGTAGGGAAAGAGTGT
459,TAAGTTCA,ACACTCTTTCCCTACACGACGCTCTTCCGATCTTAAGTTCA,CWGTGAACTTAAGATCGGAAGAGCGTCGTGTAGGGAAAGAGTGT
460,CTTAGGAT,ACACTCTTTCCCTACACGACGCTCTTCCGATCTCTTAGGAT,CWGATCCTAAGAGATCGGAAGAGCGTCGTGTAGGGAAAGAGTGT
461,GACTTATA,ACACTCTTTCCCTACACGACGCTCTTCCGATCTGACTTATA,CWGTATAAGTCAGATCGGAAGAGCGTCGTGTAGGGAAAGAGTGT
462,AGTAACGA,ACACTCTTTCCCTACACGACGCTCTTCCGATCTAGTAACGA,CWGTCGTTACTAGATCGGAAGAGCGTCGTGTAGGGAAAGAGTGT
463,GCACCTCT,ACACTCTTTCCCTACACGACGCTCTTCCGATCTGCACCTCT,CWGAGAGGTGCAGATCGGAAGAGCGTCGTGTAGGGAAAGAGTGT
464,GTCGGATT,ACACTCTTTCCCTACACGACGCTCTTCCGATCTGTCGGATT,CWGAATCCGACAGATCGGAAGAGCGTCGTGTAGGGAAAGAGTGT
465,TAGGACGA,ACACTCTTTCCCTACACGACGCTCTTCCGATCTTAGGACGA,CWGTCGTCCTAAGATCGGAAGAGCGTCGTGTAGGGAAAGAGTGT
466,ACGCTTAT,ACACTCTTTCCCTACACGACGCTCTTCCGATCTACGCTTAT,CWGATAAGCGTAGATCGGAAGAGCGTCGTGTAGGGAAAGAGTGT
467,CGTACAAT,ACACTCTTTCCCTACACGACGCTCTTCCGATCTCGTACAAT,CWGATTGTACGAGATCGGAAGAGCGTCGTGTAGGGAAAGAGTGT
468,ATATGGCA,ACACTCTTTCCCTACACGACGCTCTTCCGATCTATATGGCA,CWGTGCCATATAGATCGGAAGAGCGTCGTGTAGGGAAAGAGTGT
469,TACGCGGA,ACACTCTTTCCCTACACGACGCTCTTCCGATCTTACGCGGA,CWGTCCGCGTAAGATCGGAAGAGCGTCGTGTAGGGAAAGAGTGT
470,GCACTCTT,ACACTCTTTCCCTACACGACGCTCTTCCGATCTGCACTCTT,CWGAAGAGTGCAGATCGGAAGAGCGTCGTGTAGGGAAAGAGTGT
471,CGGAATAT,ACACTCTTTCCCTACACGACGCTCTTCCGATCTCGGAATAT,CWGATATTCCGAGATCGGAAGAGCGTCGTGTAGGGAAAGAGTGT
472,TTGTGACA,ACACTCTTTCCCTACACGACGCTCTTCCGATCTTTGTGACA,CWGTGTCACAAAGATCGGAAGAGCGTCGTGTAGGGAAAGAGTGT
473,ACTTCCGT,ACACTCTTTCCCTACACGACGCTCTTCCGATCTACTTCCGT,CWGACGGAAGTAGATCGGAAGAGCGTCGTGTAGGGAAAGAGTGT
474,CATGATTA,ACACTCTTTCCCTACACGACGCTCTTCCGATCTCATGATTA,CWGTAATCATGAGATCGGAAGAGCGTCGTGTAGGGAAAGAGTGT
475,GTACGGAA,ACACTCTTTCCCTACACGACGCTCTTCCGATCTGTACGGAA,CWGTTCCGTACAGATCGGAAGAGCGTCGTGTAGGGAAAGAGTGT
476,TGCACACT,ACACTCTTTCCCTACACGACGCTCTTCCGATCTTGCACACT,CWGAGTGTGCAAGATCGGAAGAGCGTCGTGTAGGGAAAGAGTGT
477,CGGATTGA,ACACTCTTTCCCTACACGACGCTCTTCCGATCTCGGATTGA,CWGTCAATCCGAGATCGGAAGAGCGTCGTGTAGGGAAAGAGTGT
478,AATTGCTT,ACACTCTTTCCCTACACGACGCTCTTCCGATCTAATTGCTT,CWGAAGCAATTAGATCGGAAGAGCGTCGTGTAGGGAAAGAGTGT
479,TCACTGAT,ACACTCTTTCCCTACACGACGCTCTTCCGATCTTCACTGAT,CWGATCAGTGAAGATCGGAAGAGCGTCGTGTAGGGAAAGAGTGT
480,GTCGACCA,ACACTCTTTCCCTACACGACGCTCTTCCGATCTGTCGACCA,CWGTGGTCGACAGATCGGAAGAGCGTCGTGTAGGGAAAGAGTGT
481,CAGTGTGA,ACACTCTTTCCCTACACGACGCTCTTCCGATCTCAGTGTGA,CWGTCACACTGAGATCGGAAGAGCGTCGTGTAGGGAAAGAGTGT
482,GTTCAATT,ACACTCTTTCCCTACACGACGCTCTTCCGATCTGTTCAATT,CWGAATTGAACAGATCGGAAGAGCGTCGTGTAGGGAAAGAGTGT
483,AGCACGAT,ACACTCTTTCCCTACACGACGCTCTTCCGATCTAGCACGAT,CWGATCGTGCTAGATCGGAAGAGCGTCGTGTAGGGAAAGAGTGT
484,ACAGTATA,ACACTCTTTCCCTACACGACGCTCTTCCGATCTACAGTATA,CWGTATACTGTAGATCGGAAGAGCGTCGTGTAGGGAAAGAGTGT
485,TGAGTCGA,ACACTCTTTCCCTACACGACGCTCTTCCGATCTTGAGTCGA,CWGTCGACTCAAGATCGGAAGAGCGTCGTGTAGGGAAAGAGTGT
486,CATCGTCT,ACACTCTTTCCCTACACGACGCTCTTCCGATCTCATCGTCT,CWGAGACGATGAGATCGGAAGAGCGTCGTGTAGGGAAAGAGTGT
487,TCCAAGAA,ACACTCTTTCCCTACACGACGCTCTTCCGATCTTCCAAGAA,CWGTTCTTGGAAGATCGGAAGAGCGTCGTGTAGGGAAAGAGTGT
488,GAGTCCTT,ACACTCTTTCCCTACACGACGCTCTTCCGATCTGAGTCCTT,CWGAAGGACTCAGATCGGAAGAGCGTCGTGTAGGGAAAGAGTGT
489,ATAAGACT,ACACTCTTTCCCTACACGACGCTCTTCCGATCTATAAGACT,CWGAGTCTTATAGATCGGAAGAGCGTCGTGTAGGGAAAGAGTGT
490,CGCCTGGA,ACACTCTTTCCCTACACGACGCTCTTCCGATCTCGCCTGGA,CWGTCCAGGCGAGATCGGAAGAGCGTCGTGTAGGGAAAGAGTGT
491,TCGTCTTA,ACACTCTTTCCCTACACGACGCTCTTCCGATCTTCGTCTTA,CWGTAAGACGAAGATCGGAAGAGCGTCGTGTAGGGAAAGAGTGT
492,GTTGAGCT,ACACTCTTTCCCTACACGACGCTCTTCCGATCTGTTGAGCT,CWGAGCTCAACAGATCGGAAGAGCGTCGTGTAGGGAAAGAGTGT
493,AAGCGAAT,ACACTCTTTCCCTACACGACGCTCTTCCGATCTAAGCGAAT,CWGATTCGCTTAGATCGGAAGAGCGTCGTGTAGGGAAAGAGTGT
494,CTCGCCGA,ACACTCTTTCCCTACACGACGCTCTTCCGATCTCTCGCCGA,CWGTCGGCGAGAGATCGGAAGAGCGTCGTGTAGGGAAAGAGTGT
495,GCTTATAT,ACACTCTTTCCCTACACGACGCTCTTCCGATCTGCTTATAT,CWGATATAAGCAGATCGGAAGAGCGTCGTGTAGGGAAAGAGTGT
496,CGAATATA,ACACTCTTTCCCTACACGACGCTCTTCCGATCTCGAATATA,CWGTATATTCGAGATCGGAAGAGCGTCGTGTAGGGAAAGAGTGT
497,TACGCTCT,ACACTCTTTCCCTACACGACGCTCTTCCGATCTTACGCTCT,CWGAGAGCGTAAGATCGGAAGAGCGTCGTGTAGGGAAAGAGTGT
498,ATACTCGT,ACACTCTTTCCCTACACGACGCTCTTCCGATCTATACTCGT,CWGACGAGTATAGATCGGAAGAGCGTCGTGTAGGGAAAGAGTGT
499,TCTAGGTA,ACACTCTTTCCCTACACGACGCTCTTCCGATCTTCTAGGTA,CWGTACCTAGAAGATCGGAAGAGCGTCGTGTAGGGAAAGAGTGT
500,AGGTAACA,ACACTCTTTCCCTACACGACGCTCTTCCGATCTAGGTAACA,CWGTGTTACCTAGATCGGAAGAGCGTCGTGTAGGGAAAGAGTGT
501,GCCAACGT,ACACTCTTTCCCTACACGACGCTCTTCCGATCTGCCAACGT,CWGACGTTGGCAGATCGGAAGAGCGTCGTGTAGGGAAAGAGTGT
502,CAAGGTAA,ACACTCTTTCCCTACACGACGCTCTTCCGATCTCAAGGTAA,CWGTTACCTTGAGATCGGAAGAGCGTCGTGTAGGGAAAGAGTGT
503,TGGCTTAA,ACACTCTTTCCCTACACGACGCTCTTCCGATCTTGGCTTAA,CWGTTAAGCCAAGATCGGAAGAGCGTCGTGTAGGGAAAGAGTGT
504,GATTCGCT,ACACTCTTTCCCTACACGACGCTCTTCCGATCTGATTCGCT,CWGAGCGAATCAGATCGGAAGAGCGTCGTGTAGGGAAAGAGTGT
505,GTATCATA,ACACTCTTTCCCTACACGACGCTCTTCCGATCTGTATCATA,CWGTATGATACAGATCGGAAGAGCGTCGTGTAGGGAAAGAGTGT
506,CGGACCGT,ACACTCTTTCCCTACACGACGCTCTTCCGATCTCGGACCGT,CWGACGGTCCGAGATCGGAAGAGCGTCGTGTAGGGAAAGAGTGT
507,ACTCGGAT,ACACTCTTTCCCTACACGACGCTCTTCCGATCTACTCGGAT,CWGATCCGAGTAGATCGGAAGAGCGTCGTGTAGGGAAAGAGTGT
508,TGCGAATA,ACACTCTTTCCCTACACGACGCTCTTCCGATCTTGCGAATA,CWGTATTCGCAAGATCGGAAGAGCGTCGTGTAGGGAAAGAGTGT
509,CTCGTTCA,ACACTCTTTCCCTACACGACGCTCTTCCGATCTCTCGTTCA,CWGTGAACGAGAGATCGGAAGAGCGTCGTGTAGGGAAAGAGTGT
510,ATGCACAT,ACACTCTTTCCCTACACGACGCTCTTCCGATCTATGCACAT,CWGATGTGCATAGATCGGAAGAGCGTCGTGTAGGGAAAGAGTGT
511,TCATGATT,ACACTCTTTCCCTACACGACGCTCTTCCGATCTTCATGATT,CWGAATCATGAAGATCGGAAGAGCGTCGTGTAGGGAAAGAGTGT
512,GATATCGGA,ACACTCTTTCCCTACACGACGCTCTTCCGATCTGATATCGGA,CWGTCCGATATCAGATCGGAAGAGCGTCGTGTAGGGAAAGAGTGT
513,AACAATGGT,ACACTCTTTCCCTACACGACGCTCTTCCGATCTAACAATGGT,CWGACCATTGTTAGATCGGAAGAGCGTCGTGTAGGGAAAGAGTGT
514,CCACTGCGA,ACACTCTTTCCCTACACGACGCTCTTCCGATCTCCACTGCGA,CWGTCGCAGTGGAGATCGGAAGAGCGTCGTGTAGGGAAAGAGTGT
515,TTGGCAGGT,ACACTCTTTCCCTACACGACGCTCTTCCGATCTTTGGCAGGT,CWGACCTGCCAAAGATCGGAAGAGCGTCGTGTAGGGAAAGAGTGT
516,GGTTGGCGA,ACACTCTTTCCCTACACGACGCTCTTCCGATCTGGTTGGCGA,CWGTCGCCAACCAGATCGGAAGAGCGTCGTGTAGGGAAAGAGTGT
517,AACCTTAGT,ACACTCTTTCCCTACACGACGCTCTTCCGATCTAACCTTAGT,CWGACTAAGGTTAGATCGGAAGAGCGTCGTGTAGGGAAAGAGTGT
518,CCAACCTGA,ACACTCTTTCCCTACACGACGCTCTTCCGATCTCCAACCTGA,CWGTCAGGTTGGAGATCGGAAGAGCGTCGTGTAGGGAAAGAGTGT
519,TTGTACGGT,ACACTCTTTCCCTACACGACGCTCTTCCGATCTTTGTACGGT,CWGACCGTACAAAGATCGGAAGAGCGTCGTGTAGGGAAAGAGTGT
520,GGTCGGAGT,ACACTCTTTCCCTACACGACGCTCTTCCGATCTGGTCGGAGT,CWGACTCCGACCAGATCGGAAGAGCGTCGTGTAGGGAAAGAGTGT
521,AACGATTGA,ACACTCTTTCCCTACACGACGCTCTTCCGATCTAACGATTGA,CWGTCAATCGTTAGATCGGAAGAGCGTCGTGTAGGGAAAGAGTGT
522,CCAACACGT,ACACTCTTTCCCTACACGACGCTCTTCCGATCTCCAACACGT,CWGACGTGTTGGAGATCGGAAGAGCGTCGTGTAGGGAAAGAGTGT
523,TTGGTCGGA,ACACTCTTTCCCTACACGACGCTCTTCCGATCTTTGGTCGGA,CWGTCCGACCAAAGATCGGAAGAGCGTCGTGTAGGGAAAGAGTGT
524,CGTTGAAGA,ACACTCTTTCCCTACACGACGCTCTTCCGATCTCGTTGAAGA,CWGTCTTCAACGAGATCGGAAGAGCGTCGTGTAGGGAAAGAGTGT
525,GAACAGTGT,ACACTCTTTCCCTACACGACGCTCTTCCGATCTGAACAGTGT,CWGACACTGTTCAGATCGGAAGAGCGTCGTGTAGGGAAAGAGTGT
526,ACCACTCGA,ACACTCTTTCCCTACACGACGCTCTTCCGATCTACCACTCGA,CWGTCGAGTGGTAGATCGGAAGAGCGTCGTGTAGGGAAAGAGTGT
527,CTTGTAGGT,ACACTCTTTCCCTACACGACGCTCTTCCGATCTCTTGTAGGT,CWGACCTACAAGAGATCGGAAGAGCGTCGTGTAGGGAAAGAGTGT
528,TCGTGGTGA,ACACTCTTTCCCTACACGACGCTCTTCCGATCTTCGTGGTGA,CWGTCACCACGAAGATCGGAAGAGCGTCGTGTAGGGAAAGAGTGT
529,GGACTTAGT,ACACTCTTTCCCTACACGACGCTCTTCCGATCTGGACTTAGT,CWGACTAAGTCCAGATCGGAAGAGCGTCGTGTAGGGAAAGAGTGT
530,AACAGCCGT,ACACTCTTTCCCTACACGACGCTCTTCCGATCTAACAGCCGT,CWGACGGCTGTTAGATCGGAAGAGCGTCGTGTAGGGAAAGAGTGT
531,TTGTCTGGA,ACACTCTTTCCCTACACGACGCTCTTCCGATCTTTGTCTGGA,CWGTCCAGACAAAGATCGGAAGAGCGTCGTGTAGGGAAAGAGTGT
532,CGTGAGAGT,ACACTCTTTCCCTACACGACGCTCTTCCGATCTCGTGAGAGT,CWGACTCTCACGAGATCGGAAGAGCGTCGTGTAGGGAAAGAGTGT
533,GAACGATGA,ACACTCTTTCCCTACACGACGCTCTTCCGATCTGAACGATGA,CWGTCATCGTTCAGATCGGAAGAGCGTCGTGTAGGGAAAGAGTGT
534,ACCAAGCGT,ACACTCTTTCCCTACACGACGCTCTTCCGATCTACCAAGCGT,CWGACGCTTGGTAGATCGGAAGAGCGTCGTGTAGGGAAAGAGTGT
535,TGTTCCGGA,ACACTCTTTCCCTACACGACGCTCTTCCGATCTTGTTCCGGA,CWGTCCGGAACAAGATCGGAAGAGCGTCGTGTAGGGAAAGAGTGT
536,CTGGTAAGA,ACACTCTTTCCCTACACGACGCTCTTCCGATCTCTGGTAAGA,CWGTCTTACCAGAGATCGGAAGAGCGTCGTGTAGGGAAAGAGTGT
537,GAAGCTTGT,ACACTCTTTCCCTACACGACGCTCTTCCGATCTGAAGCTTGT,CWGACAAGCTTCAGATCGGAAGAGCGTCGTGTAGGGAAAGAGTGT
538,ACCATCGGA,ACACTCTTTCCCTACACGACGCTCTTCCGATCTACCATCGGA,CWGTCCGATGGTAGATCGGAAGAGCGTCGTGTAGGGAAAGAGTGT
539,TGGTAGCGT,ACACTCTTTCCCTACACGACGCTCTTCCGATCTTGGTAGCGT,CWGACGCTACCAAGATCGGAAGAGCGTCGTGTAGGGAAAGAGTGT
540,GTTCGTTGA,ACACTCTTTCCCTACACGACGCTCTTCCGATCTGTTCGTTGA,CWGTCAACGAACAGATCGGAAGAGCGTCGTGTAGGGAAAGAGTGT
541,AACGCAAGT,ACACTCTTTCCCTACACGACGCTCTTCCGATCTAACGCAAGT,CWGACTTGCGTTAGATCGGAAGAGCGTCGTGTAGGGAAAGAGTGT
542,CCAATCGGT,ACACTCTTTCCCTACACGACGCTCTTCCGATCTCCAATCGGT,CWGACCGATTGGAGATCGGAAGAGCGTCGTGTAGGGAAAGAGTGT
543,TTGCGGCGA,ACACTCTTTCCCTACACGACGCTCTTCCGATCTTTGCGGCGA,CWGTCGCCGCAAAGATCGGAAGAGCGTCGTGTAGGGAAAGAGTGT
544,GGTTAACGT,ACACTCTTTCCCTACACGACGCTCTTCCGATCTGGTTAACGT,CWGACGTTAACCAGATCGGAAGAGCGTCGTGTAGGGAAAGAGTGT
545,AATACTTGA,ACACTCTTTCCCTACACGACGCTCTTCCGATCTAATACTTGA,CWGTCAAGTATTAGATCGGAAGAGCGTCGTGTAGGGAAAGAGTGT
546,CCACGCAGT,ACACTCTTTCCCTACACGACGCTCTTCCGATCTCCACGCAGT,CWGACTGCGTGGAGATCGGAAGAGCGTCGTGTAGGGAAAGAGTGT
547,TTCTAAGGA,ACACTCTTTCCCTACACGACGCTCTTCCGATCTTTCTAAGGA,CWGTCCTTAGAAAGATCGGAAGAGCGTCGTGTAGGGAAAGAGTGT
548,GCGGTGAGA,ACACTCTTTCCCTACACGACGCTCTTCCGATCTGCGGTGAGA,CWGTCTCACCGCAGATCGGAAGAGCGTCGTGTAGGGAAAGAGTGT
549,AGACCTTGT,ACACTCTTTCCCTACACGACGCTCTTCCGATCTAGACCTTGT,CWGACAAGGTCTAGATCGGAAGAGCGTCGTGTAGGGAAAGAGTGT
550,CACATCCGA,ACACTCTTTCCCTACACGACGCTCTTCCGATCTCACATCCGA,CWGTCGGATGTGAGATCGGAAGAGCGTCGTGTAGGGAAAGAGTGT
551,GTTGACGGT,ACACTCTTTCCCTACACGACGCTCTTCCGATCTGTTGACGGT,CWGACCGTCAACAGATCGGAAGAGCGTCGTGTAGGGAAAGAGTGT
552,TGCTGGAGA,ACACTCTTTCCCTACACGACGCTCTTCCGATCTTGCTGGAGA,CWGTCTCCAGCAAGATCGGAAGAGCGTCGTGTAGGGAAAGAGTGT
553,AAGCCATGT,ACACTCTTTCCCTACACGACGCTCTTCCGATCTAAGCCATGT,CWGACATGGCTTAGATCGGAAGAGCGTCGTGTAGGGAAAGAGTGT
554,CCAAGTCGA,ACACTCTTTCCCTACACGACGCTCTTCCGATCTCCAAGTCGA,CWGTCGACTTGGAGATCGGAAGAGCGTCGTGTAGGGAAAGAGTGT
555,CTGGATGGT,ACACTCTTTCCCTACACGACGCTCTTCCGATCTCTGGATGGT,CWGACCATCCAGAGATCGGAAGAGCGTCGTGTAGGGAAAGAGTGT
556,TGTTCGAGT,ACACTCTTTCCCTACACGACGCTCTTCCGATCTTGTTCGAGT,CWGACTCGAACAAGATCGGAAGAGCGTCGTGTAGGGAAAGAGTGT
557,GACATATGA,ACACTCTTTCCCTACACGACGCTCTTCCGATCTGACATATGA,CWGTCATATGTCAGATCGGAAGAGCGTCGTGTAGGGAAAGAGTGT
558,ACACACCGT,ACACTCTTTCCCTACACGACGCTCTTCCGATCTACACACCGT,CWGACGGTGTGTAGATCGGAAGAGCGTCGTGTAGGGAAAGAGTGT
559,GTGTGCGGA,ACACTCTTTCCCTACACGACGCTCTTCCGATCTGTGTGCGGA,CWGTCCGCACACAGATCGGAAGAGCGTCGTGTAGGGAAAGAGTGT
560,TGTGTGCGA,ACACTCTTTCCCTACACGACGCTCTTCCGATCTTGTGTGCGA,CWGTCGCACACAAGATCGGAAGAGCGTCGTGTAGGGAAAGAGTGT
561,AATCGTTGT,ACACTCTTTCCCTACACGACGCTCTTCCGATCTAATCGTTGT,CWGACAACGATTAGATCGGAAGAGCGTCGTGTAGGGAAAGAGTGT
562,CCAATAAGA,ACACTCTTTCCCTACACGACGCTCTTCCGATCTCCAATAAGA,CWGTCTTATTGGAGATCGGAAGAGCGTCGTGTAGGGAAAGAGTGT
563,TGCTATGGT,ACACTCTTTCCCTACACGACGCTCTTCCGATCTTGCTATGGT,CWGACCATAGCAAGATCGGAAGAGCGTCGTGTAGGGAAAGAGTGT
564,GTGGCGAGT,ACACTCTTTCCCTACACGACGCTCTTCCGATCTGTGGCGAGT,CWGACTCGCCACAGATCGGAAGAGCGTCGTGTAGGGAAAGAGTGT
565,AATCAATGA,ACACTCTTTCCCTACACGACGCTCTTCCGATCTAATCAATGA,CWGTCATTGATTAGATCGGAAGAGCGTCGTGTAGGGAAAGAGTGT
566,CCATGCGGA,ACACTCTTTCCCTACACGACGCTCTTCCGATCTCCATGCGGA,CWGTCCGCATGGAGATCGGAAGAGCGTCGTGTAGGGAAAGAGTGT
567,TTCACACGT,ACACTCTTTCCCTACACGACGCTCTTCCGATCTTTCACACGT,CWGACGTGTGAAAGATCGGAAGAGCGTCGTGTAGGGAAAGAGTGT
568,GGCGTGAGT,ACACTCTTTCCCTACACGACGCTCTTCCGATCTGGCGTGAGT,CWGACTCACGCCAGATCGGAAGAGCGTCGTGTAGGGAAAGAGTGT
569,ACGAATTGA,ACACTCTTTCCCTACACGACGCTCTTCCGATCTACGAATTGA,CWGTCAATTCGTAGATCGGAAGAGCGTCGTGTAGGGAAAGAGTGT
570,CAATCCGGT,ACACTCTTTCCCTACACGACGCTCTTCCGATCTCAATCCGGT,CWGACCGGATTGAGATCGGAAGAGCGTCGTGTAGGGAAAGAGTGT
571,GTTCTGCGA,ACACTCTTTCCCTACACGACGCTCTTCCGATCTGTTCTGCGA,CWGTCGCAGAACAGATCGGAAGAGCGTCGTGTAGGGAAAGAGTGT
572,TGCGGAAGT,ACACTCTTTCCCTACACGACGCTCTTCCGATCTTGCGGAAGT,CWGACTTCCGCAAGATCGGAAGAGCGTCGTGTAGGGAAAGAGTGT
573,ATGGCTTGA,ACACTCTTTCCCTACACGACGCTCTTCCGATCTATGGCTTGA,CWGTCAAGCCATAGATCGGAAGAGCGTCGTGTAGGGAAAGAGTGT
574,CAATACCGA,ACACTCTTTCCCTACACGACGCTCTTCCGATCTCAATACCGA,CWGTCGGTATTGAGATCGGAAGAGCGTCGTGTAGGGAAAGAGTGT
575,TCTATAGGT,ACACTCTTTCCCTACACGACGCTCTTCCGATCTTCTATAGGT,CWGACCTATAGAAGATCGGAAGAGCGTCGTGTAGGGAAAGAGTGT
576,CGGCGGTGA,ACACTCTTTCCCTACACGACGCTCTTCCGATCTCGGCGGTGA,CWGTCACCGCCGAGATCGGAAGAGCGTCGTGTAGGGAAAGAGTGT
577,GACAGTAGT,ACACTCTTTCCCTACACGACGCTCTTCCGATCTGACAGTAGT,CWGACTACTGTCAGATCGGAAGAGCGTCGTGTAGGGAAAGAGTGT
578,ACATAGCGA,ACACTCTTTCCCTACACGACGCTCTTCCGATCTACATAGCGA,CWGTCGCTATGTAGATCGGAAGAGCGTCGTGTAGGGAAAGAGTGT
579,TGTCCAGGT,ACACTCTTTCCCTACACGACGCTCTTCCGATCTTGTCCAGGT,CWGACCTGGACAAGATCGGAAGAGCGTCGTGTAGGGAAAGAGTGT
580,GTGCTCAGA,ACACTCTTTCCCTACACGACGCTCTTCCGATCTGTGCTCAGA,CWGTCTGAGCACAGATCGGAAGAGCGTCGTGTAGGGAAAGAGTGT
581,ACAGATTGT,ACACTCTTTCCCTACACGACGCTCTTCCGATCTACAGATTGT,CWGACAATCTGTAGATCGGAAGAGCGTCGTGTAGGGAAAGAGTGT
582,CACTCGCGA,ACACTCTTTCCCTACACGACGCTCTTCCGATCTCACTCGCGA,CWGTCGCGAGTGAGATCGGAAGAGCGTCGTGTAGGGAAAGAGTGT
583,TGTAGCGGT,ACACTCTTTCCCTACACGACGCTCTTCCGATCTTGTAGCGGT,CWGACCGCTACAAGATCGGAAGAGCGTCGTGTAGGGAAAGAGTGT
584,GCGGTATGT,ACACTCTTTCCCTACACGACGCTCTTCCGATCTGCGGTATGT,CWGACATACCGCAGATCGGAAGAGCGTCGTGTAGGGAAAGAGTGT
585,ATAACCAGA,ACACTCTTTCCCTACACGACGCTCTTCCGATCTATAACCAGA,CWGTCTGGTTATAGATCGGAAGAGCGTCGTGTAGGGAAAGAGTGT
586,CACCATCGA,ACACTCTTTCCCTACACGACGCTCTTCCGATCTCACCATCGA,CWGTCGATGGTGAGATCGGAAGAGCGTCGTGTAGGGAAAGAGTGT
587,CGGTTAGGT,ACACTCTTTCCCTACACGACGCTCTTCCGATCTCGGTTAGGT,CWGACCTAACCGAGATCGGAAGAGCGTCGTGTAGGGAAAGAGTGT
588,GTTGGCAGA,ACACTCTTTCCCTACACGACGCTCTTCCGATCTGTTGGCAGA,CWGTCTGCCAACAGATCGGAAGAGCGTCGTGTAGGGAAAGAGTGT
589,TAATCGTGT,ACACTCTTTCCCTACACGACGCTCTTCCGATCTTAATCGTGT,CWGACACGATTAAGATCGGAAGAGCGTCGTGTAGGGAAAGAGTGT
590,ACCGTTCGT,ACACTCTTTCCCTACACGACGCTCTTCCGATCTACCGTTCGT,CWGACGAACGGTAGATCGGAAGAGCGTCGTGTAGGGAAAGAGTGT
591,TGGCAAGGA,ACACTCTTTCCCTACACGACGCTCTTCCGATCTTGGCAAGGA,CWGTCCTTGCCAAGATCGGAAGAGCGTCGTGTAGGGAAAGAGTGT
592,CTTAGGAGA,ACACTCTTTCCCTACACGACGCTCTTCCGATCTCTTAGGAGA,CWGTCTCCTAAGAGATCGGAAGAGCGTCGTGTAGGGAAAGAGTGT
593,GACTATTGT,ACACTCTTTCCCTACACGACGCTCTTCCGATCTGACTATTGT,CWGACAATAGTCAGATCGGAAGAGCGTCGTGTAGGGAAAGAGTGT
594,ACAGCCGGT,ACACTCTTTCCCTACACGACGCTCTTCCGATCTACAGCCGGT,CWGACCGGCTGTAGATCGGAAGAGCGTCGTGTAGGGAAAGAGTGT
595,TTGATACGA,ACACTCTTTCCCTACACGACGCTCTTCCGATCTTTGATACGA,CWGTCGTATCAAAGATCGGAAGAGCGTCGTGTAGGGAAAGAGTGT
596,GGTCCGTGA,ACACTCTTTCCCTACACGACGCTCTTCCGATCTGGTCCGTGA,CWGTCACGGACCAGATCGGAAGAGCGTCGTGTAGGGAAAGAGTGT
597,ACATGTAGT,ACACTCTTTCCCTACACGACGCTCTTCCGATCTACATGTAGT,CWGACTACATGTAGATCGGAAGAGCGTCGTGTAGGGAAAGAGTGT
598,CACCACGGT,ACACTCTTTCCCTACACGACGCTCTTCCGATCTCACCACGGT,CWGACCGTGGTGAGATCGGAAGAGCGTCGTGTAGGGAAAGAGTGT
599,TGTAGTCGA,ACACTCTTTCCCTACACGACGCTCTTCCGATCTTGTAGTCGA,CWGTCGACTACAAGATCGGAAGAGCGTCGTGTAGGGAAAGAGTGT
600,GTCGTGTGA,ACACTCTTTCCCTACACGACGCTCTTCCGATCTGTCGTGTGA,CWGTCACACGACAGATCGGAAGAGCGTCGTGTAGGGAAAGAGTGT
601,ACGACAAGT,ACACTCTTTCCCTACACGACGCTCTTCCGATCTACGACAAGT,CWGACTTGTCGTAGATCGGAAGAGCGTCGTGTAGGGAAAGAGTGT
602,CAATTGCGT,ACACTCTTTCCCTACACGACGCTCTTCCGATCTCAATTGCGT,CWGACGCAATTGAGATCGGAAGAGCGTCGTGTAGGGAAAGAGTGT
603,GGTCGCGGA,ACACTCTTTCCCTACACGACGCTCTTCCGATCTGGTCGCGGA,CWGTCCGCGACCAGATCGGAAGAGCGTCGTGTAGGGAAAGAGTGT
604,TCGGAATGA,ACACTCTTTCCCTACACGACGCTCTTCCGATCTTCGGAATGA,CWGTCATTCCGAAGATCGGAAGAGCGTCGTGTAGGGAAAGAGTGT
605,ATCTATAGT,ACACTCTTTCCCTACACGACGCTCTTCCGATCTATCTATAGT,CWGACTATAGATAGATCGGAAGAGCGTCGTGTAGGGAAAGAGTGT
606,CAAGTCGGA,ACACTCTTTCCCTACACGACGCTCTTCCGATCTCAAGTCGGA,CWGTCCGACTTGAGATCGGAAGAGCGTCGTGTAGGGAAAGAGTGT
607,TTGAGTCGT,ACACTCTTTCCCTACACGACGCTCTTCCGATCTTTGAGTCGT,CWGACGACTCAAAGATCGGAAGAGCGTCGTGTAGGGAAAGAGTGT
608,AGTCCAAGA,ACACTCTTTCCCTACACGACGCTCTTCCGATCTAGTCCAAGA,CWGTCTTGGACTAGATCGGAAGAGCGTCGTGTAGGGAAAGAGTGT
609,GACACGTGT,ACACTCTTTCCCTACACGACGCTCTTCCGATCTGACACGTGT,CWGACACGTGTCAGATCGGAAGAGCGTCGTGTAGGGAAAGAGTGT
610,CCTCACCGA,ACACTCTTTCCCTACACGACGCTCTTCCGATCTCCTCACCGA,CWGTCGGTGAGGAGATCGGAAGAGCGTCGTGTAGGGAAAGAGTGT
611,TGATTCGGT,ACACTCTTTCCCTACACGACGCTCTTCCGATCTTGATTCGGT,CWGACCGAATCAAGATCGGAAGAGCGTCGTGTAGGGAAAGAGTGT
612,GTGCGTAGT,ACACTCTTTCCCTACACGACGCTCTTCCGATCTGTGCGTAGT,CWGACTACGCACAGATCGGAAGAGCGTCGTGTAGGGAAAGAGTGT
613,ACAGCGTGA,ACACTCTTTCCCTACACGACGCTCTTCCGATCTACAGCGTGA,CWGTCACGCTGTAGATCGGAAGAGCGTCGTGTAGGGAAAGAGTGT
614,CACATAGGT,ACACTCTTTCCCTACACGACGCTCTTCCGATCTCACATAGGT,CWGACCTATGTGAGATCGGAAGAGCGTCGTGTAGGGAAAGAGTGT
615,GTGTAGCGA,ACACTCTTTCCCTACACGACGCTCTTCCGATCTGTGTAGCGA,CWGTCGCTACACAGATCGGAAGAGCGTCGTGTAGGGAAAGAGTGT
616,CGTGGTTGA,ACACTCTTTCCCTACACGACGCTCTTCCGATCTCGTGGTTGA,CWGTCAACCACGAGATCGGAAGAGCGTCGTGTAGGGAAAGAGTGT
617,TAACCAAGT,ACACTCTTTCCCTACACGACGCTCTTCCGATCTTAACCAAGT,CWGACTTGGTTAAGATCGGAAGAGCGTCGTGTAGGGAAAGAGTGT
618,ACCTGCCGA,ACACTCTTTCCCTACACGACGCTCTTCCGATCTACCTGCCGA,CWGTCGGCAGGTAGATCGGAAGAGCGTCGTGTAGGGAAAGAGTGT
619,GTTAAGCGT,ACACTCTTTCCCTACACGACGCTCTTCCGATCTGTTAAGCGT,CWGACGCTTAACAGATCGGAAGAGCGTCGTGTAGGGAAAGAGTGT
620,TGCGTAGGA,ACACTCTTTCCCTACACGACGCTCTTCCGATCTTGCGTAGGA,CWGTCCTACGCAAGATCGGAAGAGCGTCGTGTAGGGAAAGAGTGT
621,ACGTCTTGT,ACACTCTTTCCCTACACGACGCTCTTCCGATCTACGTCTTGT,CWGACAAGACGTAGATCGGAAGAGCGTCGTGTAGGGAAAGAGTGT
622,CAAGACAGT,ACACTCTTTCCCTACACGACGCTCTTCCGATCTCAAGACAGT,CWGACTGTCTTGAGATCGGAAGAGCGTCGTGTAGGGAAAGAGTGT
623,TGTCTATGA,ACACTCTTTCCCTACACGACGCTCTTCCGATCTTGTCTATGA,CWGTCATAGACAAGATCGGAAGAGCGTCGTGTAGGGAAAGAGTGT
624,GCGAGTGGT,ACACTCTTTCCCTACACGACGCTCTTCCGATCTGCGAGTGGT,CWGACCACTCGCAGATCGGAAGAGCGTCGTGTAGGGAAAGAGTGT
625,ATACTGAGA,ACACTCTTTCCCTACACGACGCTCTTCCGATCTATACTGAGA,CWGTCTCAGTATAGATCGGAAGAGCGTCGTGTAGGGAAAGAGTGT
626,CACGAGCGT,ACACTCTTTCCCTACACGACGCTCTTCCGATCTCACGAGCGT,CWGACGCTCGTGAGATCGGAAGAGCGTCGTGTAGGGAAAGAGTGT
627,GGTACAGGA,ACACTCTTTCCCTACACGACGCTCTTCCGATCTGGTACAGGA,CWGTCCTGTACCAGATCGGAAGAGCGTCGTGTAGGGAAAGAGTGT
628,ATGTGCAGT,ACACTCTTTCCCTACACGACGCTCTTCCGATCTATGTGCAGT,CWGACTGCACATAGATCGGAAGAGCGTCGTGTAGGGAAAGAGTGT
629,TAACCTTGA,ACACTCTTTCCCTACACGACGCTCTTCCGATCTTAACCTTGA,CWGTCAAGGTTAAGATCGGAAGAGCGTCGTGTAGGGAAAGAGTGT
630,CCTTAGCGT,ACACTCTTTCCCTACACGACGCTCTTCCGATCTCCTTAGCGT,CWGACGCTAAGGAGATCGGAAGAGCGTCGTGTAGGGAAAGAGTGT
631,TTCAGCGGA,ACACTCTTTCCCTACACGACGCTCTTCCGATCTTTCAGCGGA,CWGTCCGCTGAAAGATCGGAAGAGCGTCGTGTAGGGAAAGAGTGT
632,GAGGTACGA,ACACTCTTTCCCTACACGACGCTCTTCCGATCTGAGGTACGA,CWGTCGTACCTCAGATCGGAAGAGCGTCGTGTAGGGAAAGAGTGT
633,AGCAGTTGT,ACACTCTTTCCCTACACGACGCTCTTCCGATCTAGCAGTTGT,CWGACAACTGCTAGATCGGAAGAGCGTCGTGTAGGGAAAGAGTGT
634,CCATCGAGA,ACACTCTTTCCCTACACGACGCTCTTCCGATCTCCATCGAGA,CWGTCTCGATGGAGATCGGAAGAGCGTCGTGTAGGGAAAGAGTGT
635,GTGCAAGGT,ACACTCTTTCCCTACACGACGCTCTTCCGATCTGTGCAAGGT,CWGACCTTGCACAGATCGGAAGAGCGTCGTGTAGGGAAAGAGTGT
636,TGTATCAGA,ACACTCTTTCCCTACACGACGCTCTTCCGATCTTGTATCAGA,CWGTCTGATACAAGATCGGAAGAGCGTCGTGTAGGGAAAGAGTGT
637,CACGGTTGT,ACACTCTTTCCCTACACGACGCTCTTCCGATCTCACGGTTGT,CWGACAACCGTGAGATCGGAAGAGCGTCGTGTAGGGAAAGAGTGT
638,ACTCCGCGA,ACACTCTTTCCCTACACGACGCTCTTCCGATCTACTCCGCGA,CWGTCGCGGAGTAGATCGGAAGAGCGTCGTGTAGGGAAAGAGTGT
639,GGATACAGT,ACACTCTTTCCCTACACGACGCTCTTCCGATCTGGATACAGT,CWGACTGTATCCAGATCGGAAGAGCGTCGTGTAGGGAAAGAGTGT
640,TTCGTATGT,ACACTCTTTCCCTACACGACGCTCTTCCGATCTTTCGTATGT,CWGACATACGAAAGATCGGAAGAGCGTCGTGTAGGGAAAGAGTGT
641,AAGCCTGGA,ACACTCTTTCCCTACACGACGCTCTTCCGATCTAAGCCTGGA,CWGTCCAGGCTTAGATCGGAAGAGCGTCGTGTAGGGAAAGAGTGT
642,CCGAACCGT,ACACTCTTTCCCTACACGACGCTCTTCCGATCTCCGAACCGT,CWGACGGTTCGGAGATCGGAAGAGCGTCGTGTAGGGAAAGAGTGT
643,TTATTGCGA,ACACTCTTTCCCTACACGACGCTCTTCCGATCTTTATTGCGA,CWGTCGCAATAAAGATCGGAAGAGCGTCGTGTAGGGAAAGAGTGT
644,CGTGGTGAT,ACACTCTTTCCCTACACGACGCTCTTCCGATCTCGTGGTGAT,CWGATCACCACGAGATCGGAAGAGCGTCGTGTAGGGAAAGAGTGT
645,GACTCAAGA,ACACTCTTTCCCTACACGACGCTCTTCCGATCTGACTCAAGA,CWGTCTTGAGTCAGATCGGAAGAGCGTCGTGTAGGGAAAGAGTGT
646,ACAATGTAA,ACACTCTTTCCCTACACGACGCTCTTCCGATCTACAATGTAA,CWGTTACATTGTAGATCGGAAGAGCGTCGTGTAGGGAAAGAGTGT
647,TGTGACGTT,ACACTCTTTCCCTACACGACGCTCTTCCGATCTTGTGACGTT,CWGAACGTCACAAGATCGGAAGAGCGTCGTGTAGGGAAAGAGTGT
648,ATGCGAAGA,ACACTCTTTCCCTACACGACGCTCTTCCGATCTATGCGAAGA,CWGTCTTCGCATAGATCGGAAGAGCGTCGTGTAGGGAAAGAGTGT
649,GACCGTTAT,ACACTCTTTCCCTACACGACGCTCTTCCGATCTGACCGTTAT,CWGATAACGGTCAGATCGGAAGAGCGTCGTGTAGGGAAAGAGTGT
650,CCAATGCTT,ACACTCTTTCCCTACACGACGCTCTTCCGATCTCCAATGCTT,CWGAAGCATTGGAGATCGGAAGAGCGTCGTGTAGGGAAAGAGTGT
651,GTTGCTGGA,ACACTCTTTCCCTACACGACGCTCTTCCGATCTGTTGCTGGA,CWGTCCAGCAACAGATCGGAAGAGCGTCGTGTAGGGAAAGAGTGT
652,AGGTACAAT,ACACTCTTTCCCTACACGACGCTCTTCCGATCTAGGTACAAT,CWGATTGTACCTAGATCGGAAGAGCGTCGTGTAGGGAAAGAGTGT
653,TACAGATTA,ACACTCTTTCCCTACACGACGCTCTTCCGATCTTACAGATTA,CWGTAATCTGTAAGATCGGAAGAGCGTCGTGTAGGGAAAGAGTGT
654,CCTGCCGGA,ACACTCTTTCCCTACACGACGCTCTTCCGATCTCCTGCCGGA,CWGTCCGGCAGGAGATCGGAAGAGCGTCGTGTAGGGAAAGAGTGT
655,TTATAGCTT,ACACTCTTTCCCTACACGACGCTCTTCCGATCTTTATAGCTT,CWGAAGCTATAAAGATCGGAAGAGCGTCGTGTAGGGAAAGAGTGT
656,CGGCTATAA,ACACTCTTTCCCTACACGACGCTCTTCCGATCTCGGCTATAA,CWGTTATAGCCGAGATCGGAAGAGCGTCGTGTAGGGAAAGAGTGT
657,GATTCTAGT,ACACTCTTTCCCTACACGACGCTCTTCCGATCTGATTCTAGT,CWGACTAGAATCAGATCGGAAGAGCGTCGTGTAGGGAAAGAGTGT
658,ACAAGCCAT,ACACTCTTTCCCTACACGACGCTCTTCCGATCTACAAGCCAT,CWGATGGCTTGTAGATCGGAAGAGCGTCGTGTAGGGAAAGAGTGT
659,TTCCTGGTA,ACACTCTTTCCCTACACGACGCTCTTCCGATCTTTCCTGGTA,CWGTACCAGGAAAGATCGGAAGAGCGTCGTGTAGGGAAAGAGTGT
660,GCGGATAGT,ACACTCTTTCCCTACACGACGCTCTTCCGATCTGCGGATAGT,CWGACTATCCGCAGATCGGAAGAGCGTCGTGTAGGGAAAGAGTGT
661,AGACAATAA,ACACTCTTTCCCTACACGACGCTCTTCCGATCTAGACAATAA,CWGTTATTGTCTAGATCGGAAGAGCGTCGTGTAGGGAAAGAGTGT
662,CACACCGTT,ACACTCTTTCCCTACACGACGCTCTTCCGATCTCACACCGTT,CWGAACGGTGTGAGATCGGAAGAGCGTCGTGTAGGGAAAGAGTGT
663,TTGGTGCAA,ACACTCTTTCCCTACACGACGCTCTTCCGATCTTTGGTGCAA,CWGTTGCACCAAAGATCGGAAGAGCGTCGTGTAGGGAAAGAGTGT
664,GCTTGAAGT,ACACTCTTTCCCTACACGACGCTCTTCCGATCTGCTTGAAGT,CWGACTTCAAGCAGATCGGAAGAGCGTCGTGTAGGGAAAGAGTGT
665,AGAACCTTA,ACACTCTTTCCCTACACGACGCTCTTCCGATCTAGAACCTTA,CWGTAAGGTTCTAGATCGGAAGAGCGTCGTGTAGGGAAAGAGTGT
666,CATCTTCGT,ACACTCTTTCCCTACACGACGCTCTTCCGATCTCATCTTCGT,CWGACGAAGATGAGATCGGAAGAGCGTCGTGTAGGGAAAGAGTGT
667,TTCGAGGAA,ACACTCTTTCCCTACACGACGCTCTTCCGATCTTTCGAGGAA,CWGTTCCTCGAAAGATCGGAAGAGCGTCGTGTAGGGAAAGAGTGT
668,CGGTGTATA,ACACTCTTTCCCTACACGACGCTCTTCCGATCTCGGTGTATA,CWGTATACACCGAGATCGGAAGAGCGTCGTGTAGGGAAAGAGTGT
669,GCACCATGT,ACACTCTTTCCCTACACGACGCTCTTCCGATCTGCACCATGT,CWGACATGGTGCAGATCGGAAGAGCGTCGTGTAGGGAAAGAGTGT
670,AACAAGCTA,ACACTCTTTCCCTACACGACGCTCTTCCGATCTAACAAGCTA,CWGTAGCTTGTTAGATCGGAAGAGCGTCGTGTAGGGAAAGAGTGT
671,GGTGTCGAT,ACACTCTTTCCCTACACGACGCTCTTCCGATCTGGTGTCGAT,CWGATCGACACCAGATCGGAAGAGCGTCGTGTAGGGAAAGAGTGT
672,TTGTGACTA,ACACTCTTTCCCTACACGACGCTCTTCCGATCTTTGTGACTA,CWGTAGTCACAAAGATCGGAAGAGCGTCGTGTAGGGAAAGAGTGT
673,ACTAATAGT,ACACTCTTTCCCTACACGACGCTCTTCCGATCTACTAATAGT,CWGACTATTAGTAGATCGGAAGAGCGTCGTGTAGGGAAAGAGTGT
674,CAATTGTAA,ACACTCTTTCCCTACACGACGCTCTTCCGATCTCAATTGTAA,CWGTTACAATTGAGATCGGAAGAGCGTCGTGTAGGGAAAGAGTGT
675,GGCGCAGGT,ACACTCTTTCCCTACACGACGCTCTTCCGATCTGGCGCAGGT,CWGACCTGCGCCAGATCGGAAGAGCGTCGTGTAGGGAAAGAGTGT
676,TTGCGCAAT,ACACTCTTTCCCTACACGACGCTCTTCCGATCTTTGCGCAAT,CWGATTGCGCAAAGATCGGAAGAGCGTCGTGTAGGGAAAGAGTGT
677,AACCGCTTA,ACACTCTTTCCCTACACGACGCTCTTCCGATCTAACCGCTTA,CWGTAAGCGGTTAGATCGGAAGAGCGTCGTGTAGGGAAAGAGTGT
678,CCATATGGT,ACACTCTTTCCCTACACGACGCTCTTCCGATCTCCATATGGT,CWGACCATATGGAGATCGGAAGAGCGTCGTGTAGGGAAAGAGTGT
679,TTGACGCTA,ACACTCTTTCCCTACACGACGCTCTTCCGATCTTTGACGCTA,CWGTAGCGTCAAAGATCGGAAGAGCGTCGTGTAGGGAAAGAGTGT
680,GGTGTACAA,ACACTCTTTCCCTACACGACGCTCTTCCGATCTGGTGTACAA,CWGTTGTACACCAGATCGGAAGAGCGTCGTGTAGGGAAAGAGTGT
681,CATAATTGT,ACACTCTTTCCCTACACGACGCTCTTCCGATCTCATAATTGT,CWGACAATTATGAGATCGGAAGAGCGTCGTGTAGGGAAAGAGTGT
682,ACACCGAAT,ACACTCTTTCCCTACACGACGCTCTTCCGATCTACACCGAAT,CWGATTCGGTGTAGATCGGAAGAGCGTCGTGTAGGGAAAGAGTGT
683,TGCTTCGTA,ACACTCTTTCCCTACACGACGCTCTTCCGATCTTGCTTCGTA,CWGTACGAAGCAAGATCGGAAGAGCGTCGTGTAGGGAAAGAGTGT
684,GTCGGAATA,ACACTCTTTCCCTACACGACGCTCTTCCGATCTGTCGGAATA,CWGTATTCCGACAGATCGGAAGAGCGTCGTGTAGGGAAAGAGTGT
685,CTGACTTGT,ACACTCTTTCCCTACACGACGCTCTTCCGATCTCTGACTTGT,CWGACAAGTCAGAGATCGGAAGAGCGTCGTGTAGGGAAAGAGTGT
686,AATCACGAA,ACACTCTTTCCCTACACGACGCTCTTCCGATCTAATCACGAA,CWGTTCGTGATTAGATCGGAAGAGCGTCGTGTAGGGAAAGAGTGT
687,TCATGGCGT,ACACTCTTTCCCTACACGACGCTCTTCCGATCTTCATGGCGT,CWGACGCCATGAAGATCGGAAGAGCGTCGTGTAGGGAAAGAGTGT
688,GGCGTTATA,ACACTCTTTCCCTACACGACGCTCTTCCGATCTGGCGTTATA,CWGTATAACGCCAGATCGGAAGAGCGTCGTGTAGGGAAAGAGTGT
689,ACGATATAT,ACACTCTTTCCCTACACGACGCTCTTCCGATCTACGATATAT,CWGATATATCGTAGATCGGAAGAGCGTCGTGTAGGGAAAGAGTGT
690,CATCGGCGA,ACACTCTTTCCCTACACGACGCTCTTCCGATCTCATCGGCGA,CWGTCGCCGATGAGATCGGAAGAGCGTCGTGTAGGGAAAGAGTGT
691,TTATCCGAT,ACACTCTTTCCCTACACGACGCTCTTCCGATCTTTATCCGAT,CWGATCGGATAAAGATCGGAAGAGCGTCGTGTAGGGAAAGAGTGT
692,GGCGAATTA,ACACTCTTTCCCTACACGACGCTCTTCCGATCTGGCGAATTA,CWGTAATTCGCCAGATCGGAAGAGCGTCGTGTAGGGAAAGAGTGT
693,CAGATTAGT,ACACTCTTTCCCTACACGACGCTCTTCCGATCTCAGATTAGT,CWGACTAATCTGAGATCGGAAGAGCGTCGTGTAGGGAAAGAGTGT
694,ACACACGTA,ACACTCTTTCCCTACACGACGCTCTTCCGATCTACACACGTA,CWGTACGTGTGTAGATCGGAAGAGCGTCGTGTAGGGAAAGAGTGT
695,TTGTCTCAT,ACACTCTTTCCCTACACGACGCTCTTCCGATCTTTGTCTCAT,CWGATGAGACAAAGATCGGAAGAGCGTCGTGTAGGGAAAGAGTGT
696,GCTGGATGA,ACACTCTTTCCCTACACGACGCTCTTCCGATCTGCTGGATGA,CWGTCATCCAGCAGATCGGAAGAGCGTCGTGTAGGGAAAGAGTGT
697,AGAACGATT,ACACTCTTTCCCTACACGACGCTCTTCCGATCTAGAACGATT,CWGAATCGTTCTAGATCGGAAGAGCGTCGTGTAGGGAAAGAGTGT
698,CACCTCGAA,ACACTCTTTCCCTACACGACGCTCTTCCGATCTCACCTCGAA,CWGTTCGAGGTGAGATCGGAAGAGCGTCGTGTAGGGAAAGAGTGT
699,GTTGGACGT,ACACTCTTTCCCTACACGACGCTCTTCCGATCTGTTGGACGT,CWGACGTCCAACAGATCGGAAGAGCGTCGTGTAGGGAAAGAGTGT
700,CGGTAGTAA,ACACTCTTTCCCTACACGACGCTCTTCCGATCTCGGTAGTAA,CWGTTACTACCGAGATCGGAAGAGCGTCGTGTAGGGAAAGAGTGT
701,TAAGCTATT,ACACTCTTTCCCTACACGACGCTCTTCCGATCTTAAGCTATT,CWGAATAGCTTAAGATCGGAAGAGCGTCGTGTAGGGAAAGAGTGT
702,ACTATCCGT,ACACTCTTTCCCTACACGACGCTCTTCCGATCTACTATCCGT,CWGACGGATAGTAGATCGGAAGAGCGTCGTGTAGGGAAAGAGTGT
703,GTGCAGGAA,ACACTCTTTCCCTACACGACGCTCTTCCGATCTGTGCAGGAA,CWGTTCCTGCACAGATCGGAAGAGCGTCGTGTAGGGAAAGAGTGT
704,TGCTGACTT,ACACTCTTTCCCTACACGACGCTCTTCCGATCTTGCTGACTT,CWGAAGTCAGCAAGATCGGAAGAGCGTCGTGTAGGGAAAGAGTGT
705,ACACGTTGA,ACACTCTTTCCCTACACGACGCTCTTCCGATCTACACGTTGA,CWGTCAACGTGTAGATCGGAAGAGCGTCGTGTAGGGAAAGAGTGT
706,CACAAGAAT,ACACTCTTTCCCTACACGACGCTCTTCCGATCTCACAAGAAT,CWGATTCTTGTGAGATCGGAAGAGCGTCGTGTAGGGAAAGAGTGT
707,GTTGTCGTA,ACACTCTTTCCCTACACGACGCTCTTCCGATCTGTTGTCGTA,CWGTACGACAACAGATCGGAAGAGCGTCGTGTAGGGAAAGAGTGT
708,TGGTCTATT,ACACTCTTTCCCTACACGACGCTCTTCCGATCTTGGTCTATT,CWGAATAGACCAAGATCGGAAGAGCGTCGTGTAGGGAAAGAGTGT
709,ACCAGATGA,ACACTCTTTCCCTACACGACGCTCTTCCGATCTACCAGATGA,CWGTCATCTGGTAGATCGGAAGAGCGTCGTGTAGGGAAAGAGTGT
710,CAACAGGAT,ACACTCTTTCCCTACACGACGCTCTTCCGATCTCAACAGGAT,CWGATCCTGTTGAGATCGGAAGAGCGTCGTGTAGGGAAAGAGTGT
711,ATTGTCCGA,ACACTCTTTCCCTACACGACGCTCTTCCGATCTATTGTCCGA,CWGTCGGACAATAGATCGGAAGAGCGTCGTGTAGGGAAAGAGTGT
712,TGGTCTTAA,ACACTCTTTCCCTACACGACGCTCTTCCGATCTTGGTCTTAA,CWGTTAAGACCAAGATCGGAAGAGCGTCGTGTAGGGAAAGAGTGT
713,GAATCAATT,ACACTCTTTCCCTACACGACGCTCTTCCGATCTGAATCAATT,CWGAATTGATTCAGATCGGAAGAGCGTCGTGTAGGGAAAGAGTGT
714,CCTCACGCT,ACACTCTTTCCCTACACGACGCTCTTCCGATCTCCTCACGCT,CWGAGCGTGAGGAGATCGGAAGAGCGTCGTGTAGGGAAAGAGTGT
715,TTCGTTCGA,ACACTCTTTCCCTACACGACGCTCTTCCGATCTTTCGTTCGA,CWGTCGAACGAAAGATCGGAAGAGCGTCGTGTAGGGAAAGAGTGT
716,CGGAGGAAT,ACACTCTTTCCCTACACGACGCTCTTCCGATCTCGGAGGAAT,CWGATTCCTCCGAGATCGGAAGAGCGTCGTGTAGGGAAAGAGTGT
717,GATTCATTA,ACACTCTTTCCCTACACGACGCTCTTCCGATCTGATTCATTA,CWGTAATGAATCAGATCGGAAGAGCGTCGTGTAGGGAAAGAGTGT
718,ACAATGGCT,ACACTCTTTCCCTACACGACGCTCTTCCGATCTACAATGGCT,CWGAGCCATTGTAGATCGGAAGAGCGTCGTGTAGGGAAAGAGTGT
719,TGCCACCGA,ACACTCTTTCCCTACACGACGCTCTTCCGATCTTGCCACCGA,CWGTCGGTGGCAAGATCGGAAGAGCGTCGTGTAGGGAAAGAGTGT
720,GTCGGATAT,ACACTCTTTCCCTACACGACGCTCTTCCGATCTGTCGGATAT,CWGATATCCGACAGATCGGAAGAGCGTCGTGTAGGGAAAGAGTGT
721,AAGCTTATA,ACACTCTTTCCCTACACGACGCTCTTCCGATCTAAGCTTATA,CWGTATAAGCTTAGATCGGAAGAGCGTCGTGTAGGGAAAGAGTGT
722,CCATCGGCT,ACACTCTTTCCCTACACGACGCTCTTCCGATCTCCATCGGCT,CWGAGCCGATGGAGATCGGAAGAGCGTCGTGTAGGGAAAGAGTGT
723,GGTAACCGA,ACACTCTTTCCCTACACGACGCTCTTCCGATCTGGTAACCGA,CWGTCGGTTACCAGATCGGAAGAGCGTCGTGTAGGGAAAGAGTGT
724,TTCGGTAAT,ACACTCTTTCCCTACACGACGCTCTTCCGATCTTTCGGTAAT,CWGATTACCGAAAGATCGGAAGAGCGTCGTGTAGGGAAAGAGTGT
725,ACGCAATTA,ACACTCTTTCCCTACACGACGCTCTTCCGATCTACGCAATTA,CWGTAATTGCGTAGATCGGAAGAGCGTCGTGTAGGGAAAGAGTGT
726,CAATGGCCA,ACACTCTTTCCCTACACGACGCTCTTCCGATCTCAATGGCCA,CWGTGGCCATTGAGATCGGAAGAGCGTCGTGTAGGGAAAGAGTGT
727,TTGACCAGT,ACACTCTTTCCCTACACGACGCTCTTCCGATCTTTGACCAGT,CWGACTGGTCAAAGATCGGAAGAGCGTCGTGTAGGGAAAGAGTGT
728,CGTGTAGTA,ACACTCTTTCCCTACACGACGCTCTTCCGATCTCGTGTAGTA,CWGTACTACACGAGATCGGAAGAGCGTCGTGTAGGGAAAGAGTGT
729,GATACTTAT,ACACTCTTTCCCTACACGACGCTCTTCCGATCTGATACTTAT,CWGATAAGTATCAGATCGGAAGAGCGTCGTGTAGGGAAAGAGTGT
730,ACACGCGCT,ACACTCTTTCCCTACACGACGCTCTTCCGATCTACACGCGCT,CWGAGCGCGTGTAGATCGGAAGAGCGTCGTGTAGGGAAAGAGTGT
731,GTCGAACGA,ACACTCTTTCCCTACACGACGCTCTTCCGATCTGTCGAACGA,CWGTCGTTCGACAGATCGGAAGAGCGTCGTGTAGGGAAAGAGTGT
732,TGGTTGCTA,ACACTCTTTCCCTACACGACGCTCTTCCGATCTTGGTTGCTA,CWGTAGCAACCAAGATCGGAAGAGCGTCGTGTAGGGAAAGAGTGT
733,AACGATAAT,ACACTCTTTCCCTACACGACGCTCTTCCGATCTAACGATAAT,CWGATTATCGTTAGATCGGAAGAGCGTCGTGTAGGGAAAGAGTGT
734,CCAAGGTCT,ACACTCTTTCCCTACACGACGCTCTTCCGATCTCCAAGGTCT,CWGAGACCTTGGAGATCGGAAGAGCGTCGTGTAGGGAAAGAGTGT
735,TGTCTCGAA,ACACTCTTTCCCTACACGACGCTCTTCCGATCTTGTCTCGAA,CWGTTCGAGACAAGATCGGAAGAGCGTCGTGTAGGGAAAGAGTGT
736,GTATCATGA,ACACTCTTTCCCTACACGACGCTCTTCCGATCTGTATCATGA,CWGTCATGATACAGATCGGAAGAGCGTCGTGTAGGGAAAGAGTGT
737,ACGATTATT,ACACTCTTTCCCTACACGACGCTCTTCCGATCTACGATTATT,CWGAATAATCGTAGATCGGAAGAGCGTCGTGTAGGGAAAGAGTGT
738,CACTCCGCA,ACACTCTTTCCCTACACGACGCTCTTCCGATCTCACTCCGCA,CWGTGCGGAGTGAGATCGGAAGAGCGTCGTGTAGGGAAAGAGTGT
739,TGGCGACGT,ACACTCTTTCCCTACACGACGCTCTTCCGATCTTGGCGACGT,CWGACGTCGCCAAGATCGGAAGAGCGTCGTGTAGGGAAAGAGTGT
740,GTTGAGACA,ACACTCTTTCCCTACACGACGCTCTTCCGATCTGTTGAGACA,CWGTGTCTCAACAGATCGGAAGAGCGTCGTGTAGGGAAAGAGTGT
741,ACCGCTTAT,ACACTCTTTCCCTACACGACGCTCTTCCGATCTACCGCTTAT,CWGATAAGCGGTAGATCGGAAGAGCGTCGTGTAGGGAAAGAGTGT
742,CAACAGCTA,ACACTCTTTCCCTACACGACGCTCTTCCGATCTCAACAGCTA,CWGTAGCTGTTGAGATCGGAAGAGCGTCGTGTAGGGAAAGAGTGT
743,GTTATCAGT,ACACTCTTTCCCTACACGACGCTCTTCCGATCTGTTATCAGT,CWGACTGATAACAGATCGGAAGAGCGTCGTGTAGGGAAAGAGTGT
744,TGGTGTGCA,ACACTCTTTCCCTACACGACGCTCTTCCGATCTTGGTGTGCA,CWGTGCACACCAAGATCGGAAGAGCGTCGTGTAGGGAAAGAGTGT
745,AACGTATAT,ACACTCTTTCCCTACACGACGCTCTTCCGATCTAACGTATAT,CWGATATACGTTAGATCGGAAGAGCGTCGTGTAGGGAAAGAGTGT
746,CCACCGGTA,ACACTCTTTCCCTACACGACGCTCTTCCGATCTCCACCGGTA,CWGTACCGGTGGAGATCGGAAGAGCGTCGTGTAGGGAAAGAGTGT
747,TTGAACCAT,ACACTCTTTCCCTACACGACGCTCTTCCGATCTTTGAACCAT,CWGATGGTTCAAAGATCGGAAGAGCGTCGTGTAGGGAAAGAGTGT
748,GGTTGTACA,ACACTCTTTCCCTACACGACGCTCTTCCGATCTGGTTGTACA,CWGTGTACAACCAGATCGGAAGAGCGTCGTGTAGGGAAAGAGTGT
749,ACCTTATGT,ACACTCTTTCCCTACACGACGCTCTTCCGATCTACCTTATGT,CWGACATAAGGTAGATCGGAAGAGCGTCGTGTAGGGAAAGAGTGT
750,CAACGCCTT,ACACTCTTTCCCTACACGACGCTCTTCCGATCTCAACGCCTT,CWGAAGGCGTTGAGATCGGAAGAGCGTCGTGTAGGGAAAGAGTGT
751,TGGACGAGA,ACACTCTTTCCCTACACGACGCTCTTCCGATCTTGGACGAGA,CWGTCTCGTCCAAGATCGGAAGAGCGTCGTGTAGGGAAAGAGTGT
752,CTTGAAGAA,ACACTCTTTCCCTACACGACGCTCTTCCGATCTCTTGAAGAA,CWGTTCTTCAAGAGATCGGAAGAGCGTCGTGTAGGGAAAGAGTGT
753,GAACCTCTT,ACACTCTTTCCCTACACGACGCTCTTCCGATCTGAACCTCTT,CWGAAGAGGTTCAGATCGGAAGAGCGTCGTGTAGGGAAAGAGTGT
754,ACCTGCTCT,ACACTCTTTCCCTACACGACGCTCTTCCGATCTACCTGCTCT,CWGAGAGCAGGTAGATCGGAAGAGCGTCGTGTAGGGAAAGAGTGT
755,TGTATGGCA,ACACTCTTTCCCTACACGACGCTCTTCCGATCTTGTATGGCA,CWGTGCCATACAAGATCGGAAGAGCGTCGTGTAGGGAAAGAGTGT
756,CTGGATATA,ACACTCTTTCCCTACACGACGCTCTTCCGATCTCTGGATATA,CWGTATATCCAGAGATCGGAAGAGCGTCGTGTAGGGAAAGAGTGT
757,GGCCAATGT,ACACTCTTTCCCTACACGACGCTCTTCCGATCTGGCCAATGT,CWGACATTGGCCAGATCGGAAGAGCGTCGTGTAGGGAAAGAGTGT
758,AATACCGAT,ACACTCTTTCCCTACACGACGCTCTTCCGATCTAATACCGAT,CWGATCGGTATTAGATCGGAAGAGCGTCGTGTAGGGAAAGAGTGT
759,TCAGGACGA,ACACTCTTTCCCTACACGACGCTCTTCCGATCTTCAGGACGA,CWGTCGTCCTGAAGATCGGAAGAGCGTCGTGTAGGGAAAGAGTGT
760,GTGTTGACA,ACACTCTTTCCCTACACGACGCTCTTCCGATCTGTGTTGACA,CWGTGTCAACACAGATCGGAAGAGCGTCGTGTAGGGAAAGAGTGT
761,ACTAGTTAT,ACACTCTTTCCCTACACGACGCTCTTCCGATCTACTAGTTAT,CWGATAACTAGTAGATCGGAAGAGCGTCGTGTAGGGAAAGAGTGT
762,CAAGCGCTT,ACACTCTTTCCCTACACGACGCTCTTCCGATCTCAAGCGCTT,CWGAAGCGCTTGAGATCGGAAGAGCGTCGTGTAGGGAAAGAGTGT
763,GTCCACGGA,ACACTCTTTCCCTACACGACGCTCTTCCGATCTGTCCACGGA,CWGTCCGTGGACAGATCGGAAGAGCGTCGTGTAGGGAAAGAGTGT
764,TGGTTATCA,ACACTCTTTCCCTACACGACGCTCTTCCGATCTTGGTTATCA,CWGTGATAACCAAGATCGGAAGAGCGTCGTGTAGGGAAAGAGTGT
765,AAGACTAAT,ACACTCTTTCCCTACACGACGCTCTTCCGATCTAAGACTAAT,CWGATTAGTCTTAGATCGGAAGAGCGTCGTGTAGGGAAAGAGTGT
766,CCAGACCTT,ACACTCTTTCCCTACACGACGCTCTTCCGATCTCCAGACCTT,CWGAAGGTCTGGAGATCGGAAGAGCGTCGTGTAGGGAAAGAGTGT
767,GTCCGGAGA,ACACTCTTTCCCTACACGACGCTCTTCCGATCTGTCCGGAGA,CWGTCTCCGGACAGATCGGAAGAGCGTCGTGTAGGGAAAGAGTGT
768,TGCTTAGCT,ACACTCTTTCCCTACACGACGCTCTTCCGATCTTGCTTAGCT,CWGAGCTAAGCAAGATCGGAAGAGCGTCGTGTAGGGAAAGAGTGT
